id,nombre,fk_nivel,created_at,updated_at
1,Empleado_0001,5,2020-05-01 00:00:00,2020-04-30 00:00:00
2,Empleado_0002,9,2021-05-21 00:00:00,2020-05-05 00:00:00
3,Empleado_0003,12,2023-09-05 00:00:00,2022-06-14 00:00:00
4,Empleado_0004,19,2021-03-19 00:00:00,2023-11-04 00:00:00
5,Empleado_0005,8,2020-02-04 00:00:00,2024-04-28 00:00:00
6,Empleado_0006,8,2020-07-30 00:00:00,2022-08-07 00:00:00
7,Empleado_0007,20,2023-10-24 00:00:00,2022-10-08 00:00:00
8,Empleado_0008,10,2021-09-06 00:00:00,2022-09-17 00:00:00
9,Empleado_0009,18,2023-02-17 00:00:00,2020-03-29 00:00:00
10,Empleado_0010,12,2022-11-04 00:00:00,2022-01-05 00:00:00
11,Empleado_0011,2,2024-05-21 00:00:00,2022-07-25 00:00:00
12,Empleado_0012,19,2022-10-14 00:00:00,2020-12-09 00:00:00
13,Empleado_0013,1,2023-03-13 00:00:00,2024-11-02 00:00:00
14,Empleado_0014,7,2024-09-30 00:00:00,2021-07-02 00:00:00
15,Empleado_0015,13,2022-08-19 00:00:00,2023-01-07 00:00:00
16,Empleado_0016,17,2023-08-28 00:00:00,2023-04-12 00:00:00
17,Empleado_0017,4,2021-07-23 00:00:00,2024-08-27 00:00:00
18,Empleado_0018,7,2021-08-04 00:00:00,2023-07-20 00:00:00
19,Empleado_0019,2,2023-06-03 00:00:00,2021-04-03 00:00:00
20,Empleado_0020,17,2021-11-09 00:00:00,2022-07-19 00:00:00
21,Empleado_0021,9,2020-02-26 00:00:00,2021-11-15 00:00:00
22,Empleado_0022,14,2020-12-14 00:00:00,2024-11-01 00:00:00
23,Empleado_0023,12,2020-02-14 00:00:00,2020-02-27 00:00:00
24,Empleado_0024,13,2020-03-22 00:00:00,2024-07-13 00:00:00
25,Empleado_0025,14,2023-10-08 00:00:00,2022-02-20 00:00:00
26,Empleado_0026,16,2023-05-24 00:00:00,2021-03-10 00:00:00
27,Empleado_0027,3,2022-05-29 00:00:00,2023-01-03 00:00:00
28,Empleado_0028,6,2022-08-04 00:00:00,2024-05-05 00:00:00
29,Empleado_0029,17,2022-04-26 00:00:00,2022-03-26 00:00:00
30,Empleado_0030,9,2022-01-09 00:00:00,2023-03-07 00:00:00
31,Empleado_0031,10,2024-09-19 00:00:00,2023-12-03 00:00:00
32,Empleado_0032,12,2022-07-05 00:00:00,2021-08-11 00:00:00
33,Empleado_0033,5,2024-06-25 00:00:00,2023-01-15 00:00:00
34,Empleado_0034,5,2022-10-15 00:00:00,2024-02-06 00:00:00
35,Empleado_0035,18,2022-12-26 00:00:00,2024-02-22 00:00:00
36,Empleado_0036,16,2020-04-14 00:00:00,2020-05-05 00:00:00
37,Empleado_0037,7,2022-08-08 00:00:00,2023-09-23 00:00:00
38,Empleado_0038,1,2021-09-04 00:00:00,2023-09-07 00:00:00
39,Empleado_0039,18,2023-08-09 00:00:00,2020-12-24 00:00:00
40,Empleado_0040,5,2022-06-29 00:00:00,2023-03-08 00:00:00
41,Empleado_0041,18,2022-04-18 00:00:00,2023-11-13 00:00:00
42,Empleado_0042,2,2024-05-11 00:00:00,2024-02-21 00:00:00
43,Empleado_0043,16,2024-03-01 00:00:00,2020-03-11 00:00:00
44,Empleado_0044,20,2023-10-06 00:00:00,2021-12-25 00:00:00
45,Empleado_0045,16,2021-12-19 00:00:00,2021-02-07 00:00:00
46,Empleado_0046,18,2023-01-14 00:00:00,2021-07-15 00:00:00
47,Empleado_0047,8,2022-04-29 00:00:00,2022-10-13 00:00:00
48,Empleado_0048,4,2022-11-13 00:00:00,2021-06-01 00:00:00
49,Empleado_0049,19,2021-12-09 00:00:00,2021-10-22 00:00:00
50,Empleado_0050,3,2021-09-24 00:00:00,2022-08-02 00:00:00
51,Empleado_0051,8,2024-05-30 00:00:00,2024-06-21 00:00:00
52,Empleado_0052,7,2022-10-05 00:00:00,2022-01-11 00:00:00
53,Empleado_0053,3,2022-12-21 00:00:00,2023-11-23 00:00:00
54,Empleado_0054,11,2024-12-25 00:00:00,2023-12-17 00:00:00
55,Empleado_0055,12,2024-11-14 00:00:00,2024-04-11 00:00:00
56,Empleado_0056,10,2022-06-05 00:00:00,2024-10-28 00:00:00
57,Empleado_0057,2,2020-04-21 00:00:00,2022-05-12 00:00:00
58,Empleado_0058,2,2022-06-20 00:00:00,2023-04-24 00:00:00
59,Empleado_0059,3,2022-05-23 00:00:00,2020-12-21 00:00:00
60,Empleado_0060,7,2023-08-18 00:00:00,2020-12-02 00:00:00
61,Empleado_0061,19,2020-12-24 00:00:00,2020-09-23 00:00:00
62,Empleado_0062,11,2023-08-06 00:00:00,2021-03-24 00:00:00
63,Empleado_0063,17,2022-03-06 00:00:00,2023-06-19 00:00:00
64,Empleado_0064,19,2024-02-24 00:00:00,2024-03-09 00:00:00
65,Empleado_0065,5,2021-11-03 00:00:00,2024-07-15 00:00:00
66,Empleado_0066,14,2020-01-25 00:00:00,2022-01-09 00:00:00
67,Empleado_0067,15,2023-06-25 00:00:00,2021-12-13 00:00:00
68,Empleado_0068,10,2023-06-09 00:00:00,2020-10-23 00:00:00
69,Empleado_0069,11,2022-12-04 00:00:00,2024-01-30 00:00:00
70,Empleado_0070,4,2021-11-23 00:00:00,2022-01-12 00:00:00
71,Empleado_0071,1,2023-12-25 00:00:00,2024-05-03 00:00:00
72,Empleado_0072,19,2022-04-10 00:00:00,2023-01-19 00:00:00
73,Empleado_0073,14,2024-09-27 00:00:00,2020-02-10 00:00:00
74,Empleado_0074,1,2022-06-02 00:00:00,2023-03-18 00:00:00
75,Empleado_0075,9,2022-10-23 00:00:00,2020-11-10 00:00:00
76,Empleado_0076,4,2023-08-11 00:00:00,2024-11-21 00:00:00
77,Empleado_0077,15,2024-07-06 00:00:00,2023-12-26 00:00:00
78,Empleado_0078,20,2021-05-07 00:00:00,2022-05-22 00:00:00
79,Empleado_0079,9,2021-03-02 00:00:00,2022-11-06 00:00:00
80,Empleado_0080,13,2022-12-19 00:00:00,2023-07-25 00:00:00
81,Empleado_0081,16,2023-12-21 00:00:00,2024-03-31 00:00:00
82,Empleado_0082,11,2020-03-24 00:00:00,2022-06-11 00:00:00
83,Empleado_0083,15,2022-06-09 00:00:00,2023-10-28 00:00:00
84,Empleado_0084,12,2022-03-14 00:00:00,2022-01-04 00:00:00
85,Empleado_0085,15,2024-11-05 00:00:00,2023-12-23 00:00:00
86,Empleado_0086,10,2024-07-12 00:00:00,2024-05-24 00:00:00
87,Empleado_0087,15,2020-11-08 00:00:00,2024-12-22 00:00:00
88,Empleado_0088,20,2020-01-15 00:00:00,2024-12-12 00:00:00
89,Empleado_0089,11,2023-11-01 00:00:00,2021-07-02 00:00:00
90,Empleado_0090,18,2024-10-01 00:00:00,2022-05-02 00:00:00
91,Empleado_0091,5,2024-12-01 00:00:00,2021-02-07 00:00:00
92,Empleado_0092,6,2020-08-07 00:00:00,2022-07-09 00:00:00
93,Empleado_0093,18,2022-11-04 00:00:00,2022-09-10 00:00:00
94,Empleado_0094,2,2023-10-30 00:00:00,2020-05-27 00:00:00
95,Empleado_0095,2,2023-07-19 00:00:00,2022-09-26 00:00:00
96,Empleado_0096,15,2022-09-10 00:00:00,2022-07-26 00:00:00
97,Empleado_0097,2,2023-04-16 00:00:00,2020-12-19 00:00:00
98,Empleado_0098,6,2022-09-17 00:00:00,2023-01-03 00:00:00
99,Empleado_0099,17,2022-11-19 00:00:00,2021-10-19 00:00:00
100,Empleado_0100,6,2023-01-31 00:00:00,2024-11-20 00:00:00
101,Empleado_0101,12,2020-10-28 00:00:00,2021-06-22 00:00:00
102,Empleado_0102,18,2022-01-20 00:00:00,2021-02-05 00:00:00
103,Empleado_0103,7,2022-07-22 00:00:00,2021-01-26 00:00:00
104,Empleado_0104,15,2022-10-13 00:00:00,2023-08-16 00:00:00
105,Empleado_0105,17,2020-06-06 00:00:00,2021-01-30 00:00:00
106,Empleado_0106,4,2022-02-07 00:00:00,2024-08-08 00:00:00
107,Empleado_0107,18,2023-12-20 00:00:00,2020-01-29 00:00:00
108,Empleado_0108,19,2023-10-20 00:00:00,2020-07-20 00:00:00
109,Empleado_0109,13,2020-07-20 00:00:00,2022-04-20 00:00:00
110,Empleado_0110,12,2022-02-24 00:00:00,2020-03-29 00:00:00
111,Empleado_0111,5,2023-07-31 00:00:00,2021-09-04 00:00:00
112,Empleado_0112,7,2022-04-15 00:00:00,2021-06-26 00:00:00
113,Empleado_0113,5,2023-03-05 00:00:00,2020-02-28 00:00:00
114,Empleado_0114,10,2020-04-23 00:00:00,2022-04-11 00:00:00
115,Empleado_0115,8,2022-10-13 00:00:00,2022-01-26 00:00:00
116,Empleado_0116,14,2024-06-09 00:00:00,2023-02-27 00:00:00
117,Empleado_0117,14,2024-10-19 00:00:00,2023-03-30 00:00:00
118,Empleado_0118,5,2021-01-16 00:00:00,2022-10-07 00:00:00
119,Empleado_0119,1,2020-03-20 00:00:00,2024-07-05 00:00:00
120,Empleado_0120,20,2020-01-25 00:00:00,2022-05-27 00:00:00
121,Empleado_0121,15,2020-04-19 00:00:00,2022-07-12 00:00:00
122,Empleado_0122,17,2021-07-12 00:00:00,2021-01-07 00:00:00
123,Empleado_0123,8,2021-05-12 00:00:00,2020-12-01 00:00:00
124,Empleado_0124,1,2024-10-14 00:00:00,2020-10-13 00:00:00
125,Empleado_0125,18,2021-07-25 00:00:00,2022-04-03 00:00:00
126,Empleado_0126,7,2020-02-13 00:00:00,2021-09-26 00:00:00
127,Empleado_0127,1,2023-05-28 00:00:00,2022-02-16 00:00:00
128,Empleado_0128,14,2022-08-01 00:00:00,2022-08-11 00:00:00
129,Empleado_0129,16,2022-07-03 00:00:00,2024-05-09 00:00:00
130,Empleado_0130,12,2022-08-13 00:00:00,2021-05-03 00:00:00
131,Empleado_0131,13,2023-09-28 00:00:00,2023-04-11 00:00:00
132,Empleado_0132,1,2022-08-01 00:00:00,2024-05-26 00:00:00
133,Empleado_0133,2,2022-12-07 00:00:00,2020-06-01 00:00:00
134,Empleado_0134,4,2024-05-24 00:00:00,2023-04-11 00:00:00
135,Empleado_0135,5,2023-09-07 00:00:00,2020-06-06 00:00:00
136,Empleado_0136,6,2023-01-12 00:00:00,2024-03-04 00:00:00
137,Empleado_0137,13,2020-04-18 00:00:00,2024-04-07 00:00:00
138,Empleado_0138,2,2020-12-05 00:00:00,2023-01-18 00:00:00
139,Empleado_0139,6,2021-05-30 00:00:00,2020-03-31 00:00:00
140,Empleado_0140,9,2022-01-30 00:00:00,2020-03-20 00:00:00
141,Empleado_0141,4,2024-10-03 00:00:00,2021-03-26 00:00:00
142,Empleado_0142,7,2024-01-16 00:00:00,2020-10-28 00:00:00
143,Empleado_0143,15,2022-03-03 00:00:00,2022-08-28 00:00:00
144,Empleado_0144,3,2023-11-24 00:00:00,2021-09-11 00:00:00
145,Empleado_0145,12,2021-02-09 00:00:00,2023-05-13 00:00:00
146,Empleado_0146,3,2023-06-23 00:00:00,2023-06-07 00:00:00
147,Empleado_0147,8,2024-03-09 00:00:00,2022-11-09 00:00:00
148,Empleado_0148,10,2023-06-11 00:00:00,2023-07-07 00:00:00
149,Empleado_0149,12,2021-03-13 00:00:00,2024-05-14 00:00:00
150,Empleado_0150,16,2021-03-11 00:00:00,2022-06-29 00:00:00
151,Empleado_0151,16,2024-04-04 00:00:00,2021-09-19 00:00:00
152,Empleado_0152,5,2023-12-26 00:00:00,2023-09-03 00:00:00
153,Empleado_0153,20,2023-07-27 00:00:00,2021-02-15 00:00:00
154,Empleado_0154,15,2020-12-07 00:00:00,2023-09-06 00:00:00
155,Empleado_0155,15,2024-07-20 00:00:00,2022-01-15 00:00:00
156,Empleado_0156,12,2023-01-26 00:00:00,2020-06-13 00:00:00
157,Empleado_0157,10,2020-12-04 00:00:00,2023-07-23 00:00:00
158,Empleado_0158,3,2024-12-13 00:00:00,2021-05-14 00:00:00
159,Empleado_0159,10,2020-05-12 00:00:00,2023-09-28 00:00:00
160,Empleado_0160,16,2022-02-04 00:00:00,2024-12-14 00:00:00
161,Empleado_0161,2,2024-07-19 00:00:00,2021-06-01 00:00:00
162,Empleado_0162,7,2024-04-11 00:00:00,2023-10-18 00:00:00
163,Empleado_0163,4,2022-08-21 00:00:00,2021-05-13 00:00:00
164,Empleado_0164,17,2024-06-26 00:00:00,2024-12-02 00:00:00
165,Empleado_0165,3,2022-08-01 00:00:00,2020-08-23 00:00:00
166,Empleado_0166,7,2022-12-20 00:00:00,2021-05-18 00:00:00
167,Empleado_0167,10,2023-01-25 00:00:00,2020-02-11 00:00:00
168,Empleado_0168,7,2023-03-18 00:00:00,2023-02-16 00:00:00
169,Empleado_0169,12,2022-03-04 00:00:00,2022-03-09 00:00:00
170,Empleado_0170,5,2024-07-29 00:00:00,2024-12-25 00:00:00
171,Empleado_0171,19,2022-03-02 00:00:00,2024-11-05 00:00:00
172,Empleado_0172,4,2021-07-23 00:00:00,2021-04-26 00:00:00
173,Empleado_0173,14,2020-12-29 00:00:00,2021-02-05 00:00:00
174,Empleado_0174,9,2021-07-15 00:00:00,2020-07-10 00:00:00
175,Empleado_0175,6,2023-03-27 00:00:00,2022-01-14 00:00:00
176,Empleado_0176,4,2023-09-08 00:00:00,2023-11-26 00:00:00
177,Empleado_0177,11,2021-04-06 00:00:00,2022-03-22 00:00:00
178,Empleado_0178,5,2022-08-09 00:00:00,2022-03-13 00:00:00
179,Empleado_0179,19,2022-07-10 00:00:00,2023-03-23 00:00:00
180,Empleado_0180,20,2024-04-08 00:00:00,2020-06-03 00:00:00
181,Empleado_0181,19,2023-09-21 00:00:00,2022-12-17 00:00:00
182,Empleado_0182,18,2021-02-13 00:00:00,2021-06-20 00:00:00
183,Empleado_0183,9,2021-09-18 00:00:00,2022-06-11 00:00:00
184,Empleado_0184,15,2022-07-11 00:00:00,2022-08-29 00:00:00
185,Empleado_0185,13,2020-05-24 00:00:00,2023-05-20 00:00:00
186,Empleado_0186,19,2020-02-20 00:00:00,2023-01-30 00:00:00
187,Empleado_0187,11,2024-10-12 00:00:00,2020-09-06 00:00:00
188,Empleado_0188,17,2020-06-30 00:00:00,2021-11-10 00:00:00
189,Empleado_0189,15,2024-10-28 00:00:00,2023-01-06 00:00:00
190,Empleado_0190,12,2020-05-09 00:00:00,2022-09-11 00:00:00
191,Empleado_0191,19,2020-10-02 00:00:00,2022-05-31 00:00:00
192,Empleado_0192,15,2024-08-16 00:00:00,2024-08-04 00:00:00
193,Empleado_0193,11,2022-02-21 00:00:00,2020-11-11 00:00:00
194,Empleado_0194,14,2024-12-28 00:00:00,2022-04-23 00:00:00
195,Empleado_0195,6,2020-10-30 00:00:00,2020-04-20 00:00:00
196,Empleado_0196,1,2024-05-11 00:00:00,2021-07-01 00:00:00
197,Empleado_0197,13,2021-08-24 00:00:00,2021-12-04 00:00:00
198,Empleado_0198,2,2022-05-09 00:00:00,2021-12-04 00:00:00
199,Empleado_0199,3,2024-03-03 00:00:00,2024-12-06 00:00:00
200,Empleado_0200,14,2022-10-17 00:00:00,2022-12-15 00:00:00
201,Empleado_0201,10,2020-08-18 00:00:00,2024-09-18 00:00:00
202,Empleado_0202,1,2023-02-13 00:00:00,2024-10-06 00:00:00
203,Empleado_0203,3,2023-11-04 00:00:00,2020-05-03 00:00:00
204,Empleado_0204,12,2023-06-25 00:00:00,2023-02-01 00:00:00
205,Empleado_0205,19,2024-04-23 00:00:00,2021-04-22 00:00:00
206,Empleado_0206,12,2021-06-13 00:00:00,2022-12-15 00:00:00
207,Empleado_0207,17,2020-04-13 00:00:00,2023-04-18 00:00:00
208,Empleado_0208,7,2022-09-16 00:00:00,2024-12-15 00:00:00
209,Empleado_0209,9,2023-05-19 00:00:00,2023-09-23 00:00:00
210,Empleado_0210,1,2024-03-02 00:00:00,2024-03-30 00:00:00
211,Empleado_0211,14,2024-01-22 00:00:00,2022-03-25 00:00:00
212,Empleado_0212,15,2021-02-04 00:00:00,2023-08-27 00:00:00
213,Empleado_0213,1,2021-05-31 00:00:00,2023-01-30 00:00:00
214,Empleado_0214,1,2022-07-13 00:00:00,2021-02-08 00:00:00
215,Empleado_0215,19,2020-11-29 00:00:00,2024-05-25 00:00:00
216,Empleado_0216,12,2024-02-24 00:00:00,2023-04-09 00:00:00
217,Empleado_0217,12,2023-11-21 00:00:00,2023-03-22 00:00:00
218,Empleado_0218,7,2023-10-03 00:00:00,2023-12-11 00:00:00
219,Empleado_0219,7,2023-08-11 00:00:00,2022-04-07 00:00:00
220,Empleado_0220,13,2024-11-10 00:00:00,2022-12-27 00:00:00
221,Empleado_0221,11,2021-10-27 00:00:00,2024-08-13 00:00:00
222,Empleado_0222,9,2022-05-01 00:00:00,2024-05-30 00:00:00
223,Empleado_0223,1,2022-12-22 00:00:00,2021-07-04 00:00:00
224,Empleado_0224,3,2021-05-03 00:00:00,2024-04-19 00:00:00
225,Empleado_0225,5,2021-12-29 00:00:00,2020-05-27 00:00:00
226,Empleado_0226,6,2020-12-06 00:00:00,2021-01-10 00:00:00
227,Empleado_0227,14,2020-04-08 00:00:00,2021-02-12 00:00:00
228,Empleado_0228,13,2022-04-23 00:00:00,2023-09-29 00:00:00
229,Empleado_0229,10,2021-03-29 00:00:00,2023-11-25 00:00:00
230,Empleado_0230,7,2022-05-16 00:00:00,2020-12-21 00:00:00
231,Empleado_0231,6,2022-01-10 00:00:00,2024-12-02 00:00:00
232,Empleado_0232,17,2020-06-07 00:00:00,2020-04-17 00:00:00
233,Empleado_0233,16,2021-12-29 00:00:00,2024-10-18 00:00:00
234,Empleado_0234,7,2022-09-16 00:00:00,2024-11-02 00:00:00
235,Empleado_0235,11,2022-09-30 00:00:00,2023-04-24 00:00:00
236,Empleado_0236,1,2023-08-08 00:00:00,2023-12-27 00:00:00
237,Empleado_0237,20,2024-10-04 00:00:00,2022-09-20 00:00:00
238,Empleado_0238,17,2021-03-01 00:00:00,2021-03-18 00:00:00
239,Empleado_0239,1,2021-09-13 00:00:00,2020-08-18 00:00:00
240,Empleado_0240,16,2020-04-21 00:00:00,2022-04-20 00:00:00
241,Empleado_0241,17,2020-10-27 00:00:00,2020-01-19 00:00:00
242,Empleado_0242,15,2020-01-27 00:00:00,2021-08-31 00:00:00
243,Empleado_0243,7,2023-10-05 00:00:00,2024-11-12 00:00:00
244,Empleado_0244,8,2023-01-01 00:00:00,2023-06-10 00:00:00
245,Empleado_0245,6,2022-06-27 00:00:00,2023-12-20 00:00:00
246,Empleado_0246,17,2022-04-13 00:00:00,2022-08-20 00:00:00
247,Empleado_0247,14,2020-06-22 00:00:00,2023-02-16 00:00:00
248,Empleado_0248,13,2020-08-05 00:00:00,2020-11-22 00:00:00
249,Empleado_0249,17,2021-12-29 00:00:00,2024-11-25 00:00:00
250,Empleado_0250,13,2022-10-25 00:00:00,2022-09-23 00:00:00
251,Empleado_0251,15,2022-12-19 00:00:00,2021-12-04 00:00:00
252,Empleado_0252,6,2021-10-02 00:00:00,2023-09-21 00:00:00
253,Empleado_0253,6,2021-04-04 00:00:00,2021-11-15 00:00:00
254,Empleado_0254,1,2022-05-02 00:00:00,2024-07-01 00:00:00
255,Empleado_0255,1,2024-04-22 00:00:00,2021-06-28 00:00:00
256,Empleado_0256,18,2024-06-25 00:00:00,2021-01-05 00:00:00
257,Empleado_0257,1,2023-10-23 00:00:00,2022-01-06 00:00:00
258,Empleado_0258,1,2020-06-26 00:00:00,2022-05-13 00:00:00
259,Empleado_0259,14,2023-11-29 00:00:00,2024-07-27 00:00:00
260,Empleado_0260,7,2023-10-03 00:00:00,2021-12-26 00:00:00
261,Empleado_0261,10,2022-12-11 00:00:00,2023-09-30 00:00:00
262,Empleado_0262,2,2021-03-09 00:00:00,2023-07-30 00:00:00
263,Empleado_0263,20,2024-03-09 00:00:00,2024-10-19 00:00:00
264,Empleado_0264,20,2022-03-08 00:00:00,2024-03-08 00:00:00
265,Empleado_0265,14,2020-11-15 00:00:00,2023-06-10 00:00:00
266,Empleado_0266,11,2021-05-16 00:00:00,2024-11-18 00:00:00
267,Empleado_0267,17,2022-10-07 00:00:00,2024-04-01 00:00:00
268,Empleado_0268,12,2024-11-19 00:00:00,2022-10-31 00:00:00
269,Empleado_0269,18,2022-08-27 00:00:00,2022-02-10 00:00:00
270,Empleado_0270,10,2022-11-03 00:00:00,2024-09-15 00:00:00
271,Empleado_0271,13,2021-11-01 00:00:00,2024-03-13 00:00:00
272,Empleado_0272,1,2023-05-27 00:00:00,2024-01-01 00:00:00
273,Empleado_0273,20,2021-08-26 00:00:00,2023-09-04 00:00:00
274,Empleado_0274,12,2024-12-14 00:00:00,2023-08-20 00:00:00
275,Empleado_0275,18,2021-08-10 00:00:00,2020-11-17 00:00:00
276,Empleado_0276,5,2020-08-25 00:00:00,2023-01-01 00:00:00
277,Empleado_0277,7,2024-07-18 00:00:00,2024-05-26 00:00:00
278,Empleado_0278,2,2024-07-28 00:00:00,2020-05-16 00:00:00
279,Empleado_0279,3,2021-07-24 00:00:00,2023-09-28 00:00:00
280,Empleado_0280,19,2021-05-30 00:00:00,2024-01-22 00:00:00
281,Empleado_0281,5,2023-03-09 00:00:00,2024-11-05 00:00:00
282,Empleado_0282,4,2021-04-25 00:00:00,2022-02-06 00:00:00
283,Empleado_0283,7,2021-05-04 00:00:00,2020-12-07 00:00:00
284,Empleado_0284,3,2022-11-16 00:00:00,2023-10-02 00:00:00
285,Empleado_0285,11,2023-09-07 00:00:00,2024-07-15 00:00:00
286,Empleado_0286,18,2024-06-18 00:00:00,2022-05-16 00:00:00
287,Empleado_0287,4,2022-03-02 00:00:00,2022-01-03 00:00:00
288,Empleado_0288,18,2023-05-28 00:00:00,2023-05-13 00:00:00
289,Empleado_0289,8,2024-04-20 00:00:00,2020-11-30 00:00:00
290,Empleado_0290,7,2021-08-03 00:00:00,2023-03-30 00:00:00
291,Empleado_0291,4,2024-02-16 00:00:00,2024-05-20 00:00:00
292,Empleado_0292,1,2023-02-09 00:00:00,2021-07-23 00:00:00
293,Empleado_0293,13,2021-11-08 00:00:00,2021-10-08 00:00:00
294,Empleado_0294,20,2023-05-07 00:00:00,2020-10-25 00:00:00
295,Empleado_0295,18,2020-06-23 00:00:00,2022-04-16 00:00:00
296,Empleado_0296,5,2023-08-15 00:00:00,2022-03-01 00:00:00
297,Empleado_0297,4,2020-08-26 00:00:00,2020-07-04 00:00:00
298,Empleado_0298,10,2024-10-29 00:00:00,2020-09-10 00:00:00
299,Empleado_0299,8,2021-01-13 00:00:00,2024-08-17 00:00:00
300,Empleado_0300,5,2021-05-17 00:00:00,2022-09-07 00:00:00
301,Empleado_0301,3,2021-07-26 00:00:00,2020-07-21 00:00:00
302,Empleado_0302,20,2020-03-23 00:00:00,2022-05-18 00:00:00
303,Empleado_0303,14,2020-04-30 00:00:00,2023-11-22 00:00:00
304,Empleado_0304,7,2021-04-20 00:00:00,2023-09-09 00:00:00
305,Empleado_0305,10,2020-12-24 00:00:00,2021-01-14 00:00:00
306,Empleado_0306,5,2023-05-25 00:00:00,2024-07-06 00:00:00
307,Empleado_0307,6,2022-09-01 00:00:00,2020-07-01 00:00:00
308,Empleado_0308,14,2024-09-29 00:00:00,2021-03-07 00:00:00
309,Empleado_0309,12,2024-06-23 00:00:00,2020-07-24 00:00:00
310,Empleado_0310,6,2024-07-03 00:00:00,2022-03-09 00:00:00
311,Empleado_0311,6,2024-09-13 00:00:00,2024-05-16 00:00:00
312,Empleado_0312,20,2023-11-09 00:00:00,2021-08-21 00:00:00
313,Empleado_0313,5,2020-01-13 00:00:00,2023-08-11 00:00:00
314,Empleado_0314,13,2023-01-17 00:00:00,2022-12-17 00:00:00
315,Empleado_0315,7,2020-10-07 00:00:00,2024-06-13 00:00:00
316,Empleado_0316,10,2023-07-20 00:00:00,2024-04-26 00:00:00
317,Empleado_0317,2,2020-12-06 00:00:00,2023-06-02 00:00:00
318,Empleado_0318,17,2021-06-02 00:00:00,2023-11-25 00:00:00
319,Empleado_0319,15,2022-02-01 00:00:00,2021-05-07 00:00:00
320,Empleado_0320,11,2024-11-06 00:00:00,2020-04-09 00:00:00
321,Empleado_0321,4,2020-01-18 00:00:00,2020-11-12 00:00:00
322,Empleado_0322,14,2023-08-04 00:00:00,2022-12-26 00:00:00
323,Empleado_0323,11,2021-12-01 00:00:00,2024-01-07 00:00:00
324,Empleado_0324,4,2023-08-06 00:00:00,2020-05-04 00:00:00
325,Empleado_0325,1,2020-03-26 00:00:00,2023-10-23 00:00:00
326,Empleado_0326,20,2024-09-07 00:00:00,2022-12-05 00:00:00
327,Empleado_0327,7,2022-03-14 00:00:00,2022-06-14 00:00:00
328,Empleado_0328,7,2023-02-09 00:00:00,2021-07-12 00:00:00
329,Empleado_0329,15,2022-05-03 00:00:00,2024-08-02 00:00:00
330,Empleado_0330,13,2021-10-17 00:00:00,2022-11-07 00:00:00
331,Empleado_0331,9,2021-12-07 00:00:00,2023-05-27 00:00:00
332,Empleado_0332,20,2020-06-01 00:00:00,2020-02-28 00:00:00
333,Empleado_0333,10,2024-08-25 00:00:00,2022-02-09 00:00:00
334,Empleado_0334,6,2020-01-24 00:00:00,2024-11-12 00:00:00
335,Empleado_0335,17,2021-10-05 00:00:00,2020-10-16 00:00:00
336,Empleado_0336,16,2021-08-23 00:00:00,2022-04-04 00:00:00
337,Empleado_0337,14,2024-11-15 00:00:00,2023-05-13 00:00:00
338,Empleado_0338,16,2024-11-13 00:00:00,2024-06-15 00:00:00
339,Empleado_0339,10,2022-04-26 00:00:00,2021-04-30 00:00:00
340,Empleado_0340,8,2024-01-08 00:00:00,2023-05-12 00:00:00
341,Empleado_0341,9,2021-06-13 00:00:00,2024-03-24 00:00:00
342,Empleado_0342,13,2023-11-04 00:00:00,2024-08-10 00:00:00
343,Empleado_0343,6,2024-04-12 00:00:00,2021-07-04 00:00:00
344,Empleado_0344,15,2020-09-22 00:00:00,2020-12-13 00:00:00
345,Empleado_0345,5,2021-06-29 00:00:00,2024-02-03 00:00:00
346,Empleado_0346,14,2021-04-02 00:00:00,2021-05-04 00:00:00
347,Empleado_0347,15,2023-02-08 00:00:00,2021-11-08 00:00:00
348,Empleado_0348,15,2020-10-06 00:00:00,2021-11-18 00:00:00
349,Empleado_0349,7,2024-12-09 00:00:00,2024-04-26 00:00:00
350,Empleado_0350,19,2022-02-28 00:00:00,2024-08-08 00:00:00
351,Empleado_0351,14,2021-05-23 00:00:00,2023-05-05 00:00:00
352,Empleado_0352,11,2020-11-24 00:00:00,2020-02-18 00:00:00
353,Empleado_0353,17,2024-11-24 00:00:00,2024-05-19 00:00:00
354,Empleado_0354,17,2024-10-26 00:00:00,2021-06-24 00:00:00
355,Empleado_0355,11,2024-04-30 00:00:00,2024-06-21 00:00:00
356,Empleado_0356,7,2022-10-01 00:00:00,2020-09-19 00:00:00
357,Empleado_0357,11,2022-10-25 00:00:00,2023-11-18 00:00:00
358,Empleado_0358,8,2021-03-10 00:00:00,2024-01-21 00:00:00
359,Empleado_0359,13,2022-11-15 00:00:00,2022-08-22 00:00:00
360,Empleado_0360,11,2023-12-11 00:00:00,2024-03-24 00:00:00
361,Empleado_0361,19,2022-04-28 00:00:00,2022-08-24 00:00:00
362,Empleado_0362,5,2024-04-30 00:00:00,2020-12-10 00:00:00
363,Empleado_0363,1,2021-07-09 00:00:00,2022-01-12 00:00:00
364,Empleado_0364,5,2022-03-11 00:00:00,2020-04-20 00:00:00
365,Empleado_0365,15,2020-01-23 00:00:00,2021-12-28 00:00:00
366,Empleado_0366,6,2024-02-14 00:00:00,2023-08-19 00:00:00
367,Empleado_0367,9,2022-02-11 00:00:00,2024-09-08 00:00:00
368,Empleado_0368,9,2021-03-25 00:00:00,2024-02-28 00:00:00
369,Empleado_0369,14,2020-05-28 00:00:00,2022-07-19 00:00:00
370,Empleado_0370,4,2021-06-04 00:00:00,2024-09-11 00:00:00
371,Empleado_0371,3,2023-10-30 00:00:00,2021-07-06 00:00:00
372,Empleado_0372,2,2021-11-05 00:00:00,2021-07-18 00:00:00
373,Empleado_0373,17,2023-10-10 00:00:00,2021-08-27 00:00:00
374,Empleado_0374,10,2024-04-01 00:00:00,2023-08-23 00:00:00
375,Empleado_0375,20,2021-09-21 00:00:00,2023-07-29 00:00:00
376,Empleado_0376,17,2023-02-08 00:00:00,2024-05-14 00:00:00
377,Empleado_0377,4,2021-08-19 00:00:00,2021-12-05 00:00:00
378,Empleado_0378,8,2022-09-21 00:00:00,2024-08-09 00:00:00
379,Empleado_0379,9,2020-08-02 00:00:00,2021-06-28 00:00:00
380,Empleado_0380,6,2024-10-02 00:00:00,2022-01-07 00:00:00
381,Empleado_0381,2,2022-09-02 00:00:00,2022-02-18 00:00:00
382,Empleado_0382,10,2021-02-08 00:00:00,2024-10-03 00:00:00
383,Empleado_0383,18,2024-06-02 00:00:00,2021-09-03 00:00:00
384,Empleado_0384,2,2023-06-24 00:00:00,2023-08-08 00:00:00
385,Empleado_0385,4,2024-08-06 00:00:00,2022-11-12 00:00:00
386,Empleado_0386,20,2021-07-18 00:00:00,2024-02-29 00:00:00
387,Empleado_0387,7,2021-09-08 00:00:00,2022-05-24 00:00:00
388,Empleado_0388,13,2023-01-01 00:00:00,2024-06-21 00:00:00
389,Empleado_0389,11,2023-07-21 00:00:00,2024-01-24 00:00:00
390,Empleado_0390,19,2024-05-18 00:00:00,2022-08-02 00:00:00
391,Empleado_0391,11,2023-07-01 00:00:00,2021-07-22 00:00:00
392,Empleado_0392,4,2024-06-07 00:00:00,2023-08-08 00:00:00
393,Empleado_0393,20,2023-08-12 00:00:00,2022-08-23 00:00:00
394,Empleado_0394,7,2021-07-09 00:00:00,2021-09-02 00:00:00
395,Empleado_0395,18,2022-01-27 00:00:00,2023-07-29 00:00:00
396,Empleado_0396,1,2020-09-17 00:00:00,2021-05-06 00:00:00
397,Empleado_0397,3,2022-04-26 00:00:00,2021-07-24 00:00:00
398,Empleado_0398,8,2021-04-15 00:00:00,2024-03-03 00:00:00
399,Empleado_0399,20,2020-01-28 00:00:00,2024-08-24 00:00:00
400,Empleado_0400,19,2020-03-29 00:00:00,2021-07-10 00:00:00
401,Empleado_0401,4,2021-11-03 00:00:00,2022-04-01 00:00:00
402,Empleado_0402,10,2022-04-05 00:00:00,2020-02-11 00:00:00
403,Empleado_0403,4,2023-05-31 00:00:00,2022-05-16 00:00:00
404,Empleado_0404,14,2024-10-22 00:00:00,2022-01-17 00:00:00
405,Empleado_0405,15,2024-11-30 00:00:00,2020-10-31 00:00:00
406,Empleado_0406,12,2020-05-16 00:00:00,2022-12-29 00:00:00
407,Empleado_0407,5,2021-07-12 00:00:00,2020-07-07 00:00:00
408,Empleado_0408,5,2022-06-07 00:00:00,2023-12-19 00:00:00
409,Empleado_0409,10,2023-05-20 00:00:00,2021-09-11 00:00:00
410,Empleado_0410,15,2022-12-09 00:00:00,2023-01-08 00:00:00
411,Empleado_0411,11,2021-07-22 00:00:00,2020-03-31 00:00:00
412,Empleado_0412,11,2021-12-20 00:00:00,2023-01-29 00:00:00
413,Empleado_0413,6,2023-11-26 00:00:00,2020-05-27 00:00:00
414,Empleado_0414,19,2024-11-05 00:00:00,2020-10-30 00:00:00
415,Empleado_0415,13,2021-04-01 00:00:00,2022-12-24 00:00:00
416,Empleado_0416,2,2024-04-25 00:00:00,2020-08-28 00:00:00
417,Empleado_0417,11,2020-10-20 00:00:00,2020-06-24 00:00:00
418,Empleado_0418,20,2023-01-27 00:00:00,2024-05-04 00:00:00
419,Empleado_0419,20,2023-01-27 00:00:00,2022-02-19 00:00:00
420,Empleado_0420,1,2021-03-02 00:00:00,2024-02-06 00:00:00
421,Empleado_0421,4,2023-07-17 00:00:00,2024-09-27 00:00:00
422,Empleado_0422,20,2023-06-26 00:00:00,2022-11-24 00:00:00
423,Empleado_0423,2,2022-04-23 00:00:00,2020-02-18 00:00:00
424,Empleado_0424,14,2020-02-20 00:00:00,2022-10-27 00:00:00
425,Empleado_0425,8,2023-08-24 00:00:00,2020-07-10 00:00:00
426,Empleado_0426,18,2021-07-12 00:00:00,2021-04-08 00:00:00
427,Empleado_0427,4,2023-06-13 00:00:00,2024-05-21 00:00:00
428,Empleado_0428,3,2021-05-07 00:00:00,2020-11-01 00:00:00
429,Empleado_0429,9,2021-10-03 00:00:00,2020-03-18 00:00:00
430,Empleado_0430,15,2021-01-06 00:00:00,2020-07-16 00:00:00
431,Empleado_0431,20,2022-02-25 00:00:00,2022-11-20 00:00:00
432,Empleado_0432,16,2021-04-16 00:00:00,2024-05-16 00:00:00
433,Empleado_0433,15,2021-12-11 00:00:00,2022-03-15 00:00:00
434,Empleado_0434,11,2023-10-29 00:00:00,2023-11-09 00:00:00
435,Empleado_0435,17,2023-12-12 00:00:00,2020-12-15 00:00:00
436,Empleado_0436,12,2023-08-31 00:00:00,2024-02-07 00:00:00
437,Empleado_0437,15,2024-07-07 00:00:00,2020-02-15 00:00:00
438,Empleado_0438,20,2022-03-16 00:00:00,2024-12-30 00:00:00
439,Empleado_0439,12,2024-06-28 00:00:00,2020-12-05 00:00:00
440,Empleado_0440,16,2021-05-17 00:00:00,2021-06-10 00:00:00
441,Empleado_0441,16,2020-02-07 00:00:00,2021-06-28 00:00:00
442,Empleado_0442,14,2024-02-12 00:00:00,2022-03-11 00:00:00
443,Empleado_0443,15,2022-08-06 00:00:00,2024-03-26 00:00:00
444,Empleado_0444,14,2024-06-17 00:00:00,2022-06-08 00:00:00
445,Empleado_0445,10,2020-10-05 00:00:00,2021-09-16 00:00:00
446,Empleado_0446,20,2024-05-23 00:00:00,2022-06-15 00:00:00
447,Empleado_0447,5,2021-10-01 00:00:00,2024-04-05 00:00:00
448,Empleado_0448,11,2022-05-12 00:00:00,2024-01-31 00:00:00
449,Empleado_0449,16,2023-01-19 00:00:00,2020-06-18 00:00:00
450,Empleado_0450,8,2024-07-07 00:00:00,2023-06-16 00:00:00
451,Empleado_0451,6,2024-10-14 00:00:00,2024-08-30 00:00:00
452,Empleado_0452,3,2022-10-07 00:00:00,2024-11-10 00:00:00
453,Empleado_0453,20,2021-10-22 00:00:00,2020-11-25 00:00:00
454,Empleado_0454,10,2023-11-06 00:00:00,2020-03-14 00:00:00
455,Empleado_0455,2,2023-08-25 00:00:00,2020-03-30 00:00:00
456,Empleado_0456,3,2020-11-19 00:00:00,2022-06-16 00:00:00
457,Empleado_0457,5,2023-05-09 00:00:00,2020-06-10 00:00:00
458,Empleado_0458,19,2020-03-09 00:00:00,2024-02-12 00:00:00
459,Empleado_0459,15,2022-09-15 00:00:00,2023-09-28 00:00:00
460,Empleado_0460,14,2024-04-15 00:00:00,2021-06-18 00:00:00
461,Empleado_0461,5,2023-11-02 00:00:00,2023-09-17 00:00:00
462,Empleado_0462,20,2023-07-22 00:00:00,2020-03-07 00:00:00
463,Empleado_0463,14,2020-06-03 00:00:00,2022-10-16 00:00:00
464,Empleado_0464,16,2022-10-15 00:00:00,2022-01-02 00:00:00
465,Empleado_0465,20,2023-08-30 00:00:00,2020-10-27 00:00:00
466,Empleado_0466,2,2023-11-12 00:00:00,2021-07-08 00:00:00
467,Empleado_0467,9,2024-05-21 00:00:00,2024-06-20 00:00:00
468,Empleado_0468,12,2020-12-06 00:00:00,2020-10-09 00:00:00
469,Empleado_0469,12,2021-11-04 00:00:00,2020-12-16 00:00:00
470,Empleado_0470,11,2020-06-16 00:00:00,2024-07-21 00:00:00
471,Empleado_0471,7,2022-09-17 00:00:00,2023-10-09 00:00:00
472,Empleado_0472,8,2021-07-11 00:00:00,2022-02-07 00:00:00
473,Empleado_0473,13,2023-07-06 00:00:00,2024-10-16 00:00:00
474,Empleado_0474,1,2021-12-21 00:00:00,2021-11-10 00:00:00
475,Empleado_0475,6,2021-08-16 00:00:00,2024-02-18 00:00:00
476,Empleado_0476,10,2022-05-09 00:00:00,2022-06-11 00:00:00
477,Empleado_0477,15,2020-02-23 00:00:00,2020-02-15 00:00:00
478,Empleado_0478,17,2021-10-31 00:00:00,2023-04-03 00:00:00
479,Empleado_0479,19,2021-03-02 00:00:00,2024-03-11 00:00:00
480,Empleado_0480,19,2023-07-27 00:00:00,2021-03-28 00:00:00
481,Empleado_0481,16,2021-07-08 00:00:00,2020-01-09 00:00:00
482,Empleado_0482,10,2021-12-24 00:00:00,2020-06-15 00:00:00
483,Empleado_0483,9,2022-11-14 00:00:00,2024-01-20 00:00:00
484,Empleado_0484,13,2024-08-31 00:00:00,2021-07-11 00:00:00
485,Empleado_0485,14,2023-08-22 00:00:00,2020-01-25 00:00:00
486,Empleado_0486,1,2020-07-30 00:00:00,2024-05-27 00:00:00
487,Empleado_0487,9,2024-12-19 00:00:00,2020-04-18 00:00:00
488,Empleado_0488,15,2021-10-19 00:00:00,2022-02-07 00:00:00
489,Empleado_0489,7,2024-01-15 00:00:00,2024-12-11 00:00:00
490,Empleado_0490,17,2020-01-11 00:00:00,2023-02-01 00:00:00
491,Empleado_0491,17,2024-09-10 00:00:00,2023-12-24 00:00:00
492,Empleado_0492,14,2021-04-09 00:00:00,2020-08-23 00:00:00
493,Empleado_0493,4,2020-08-18 00:00:00,2022-05-12 00:00:00
494,Empleado_0494,14,2021-06-16 00:00:00,2023-05-12 00:00:00
495,Empleado_0495,2,2024-10-17 00:00:00,2023-09-24 00:00:00
496,Empleado_0496,12,2024-02-27 00:00:00,2022-07-21 00:00:00
497,Empleado_0497,10,2021-11-06 00:00:00,2020-08-21 00:00:00
498,Empleado_0498,10,2022-10-28 00:00:00,2024-05-27 00:00:00
499,Empleado_0499,14,2024-10-29 00:00:00,2022-10-03 00:00:00
500,Empleado_0500,7,2021-01-08 00:00:00,2021-04-09 00:00:00
501,Empleado_0501,6,2020-12-09 00:00:00,2020-11-10 00:00:00
502,Empleado_0502,11,2023-10-21 00:00:00,2023-02-25 00:00:00
503,Empleado_0503,13,2020-04-09 00:00:00,2020-11-25 00:00:00
504,Empleado_0504,18,2023-03-30 00:00:00,2020-03-28 00:00:00
505,Empleado_0505,17,2023-04-24 00:00:00,2023-01-04 00:00:00
506,Empleado_0506,19,2024-06-06 00:00:00,2022-05-01 00:00:00
507,Empleado_0507,17,2021-07-04 00:00:00,2020-07-02 00:00:00
508,Empleado_0508,16,2021-01-23 00:00:00,2022-02-21 00:00:00
509,Empleado_0509,17,2022-10-30 00:00:00,2020-11-03 00:00:00
510,Empleado_0510,5,2021-09-29 00:00:00,2023-06-25 00:00:00
511,Empleado_0511,10,2023-02-23 00:00:00,2022-07-09 00:00:00
512,Empleado_0512,17,2024-04-27 00:00:00,2022-07-06 00:00:00
513,Empleado_0513,20,2023-04-19 00:00:00,2024-03-16 00:00:00
514,Empleado_0514,19,2021-02-28 00:00:00,2020-09-04 00:00:00
515,Empleado_0515,5,2020-07-20 00:00:00,2020-06-11 00:00:00
516,Empleado_0516,11,2021-08-20 00:00:00,2022-02-27 00:00:00
517,Empleado_0517,11,2023-01-20 00:00:00,2021-09-19 00:00:00
518,Empleado_0518,10,2024-04-03 00:00:00,2024-02-17 00:00:00
519,Empleado_0519,6,2021-02-25 00:00:00,2022-09-07 00:00:00
520,Empleado_0520,19,2020-01-02 00:00:00,2021-03-07 00:00:00
521,Empleado_0521,9,2024-03-05 00:00:00,2021-11-14 00:00:00
522,Empleado_0522,15,2023-01-05 00:00:00,2021-06-01 00:00:00
523,Empleado_0523,9,2021-01-14 00:00:00,2023-11-05 00:00:00
524,Empleado_0524,3,2020-03-16 00:00:00,2021-02-22 00:00:00
525,Empleado_0525,16,2022-03-23 00:00:00,2021-04-30 00:00:00
526,Empleado_0526,20,2020-06-16 00:00:00,2021-04-26 00:00:00
527,Empleado_0527,2,2020-11-26 00:00:00,2023-03-11 00:00:00
528,Empleado_0528,12,2023-07-02 00:00:00,2024-07-15 00:00:00
529,Empleado_0529,18,2020-06-25 00:00:00,2021-10-11 00:00:00
530,Empleado_0530,5,2022-04-09 00:00:00,2023-05-23 00:00:00
531,Empleado_0531,13,2024-08-24 00:00:00,2023-10-12 00:00:00
532,Empleado_0532,10,2023-11-03 00:00:00,2020-07-25 00:00:00
533,Empleado_0533,7,2022-10-30 00:00:00,2021-11-29 00:00:00
534,Empleado_0534,11,2020-05-15 00:00:00,2021-12-18 00:00:00
535,Empleado_0535,11,2020-03-10 00:00:00,2021-06-24 00:00:00
536,Empleado_0536,8,2021-11-05 00:00:00,2020-08-06 00:00:00
537,Empleado_0537,8,2024-10-27 00:00:00,2023-05-13 00:00:00
538,Empleado_0538,9,2021-08-01 00:00:00,2024-06-25 00:00:00
539,Empleado_0539,20,2024-12-06 00:00:00,2022-11-05 00:00:00
540,Empleado_0540,10,2023-07-20 00:00:00,2023-06-10 00:00:00
541,Empleado_0541,17,2020-06-19 00:00:00,2021-08-14 00:00:00
542,Empleado_0542,14,2021-12-16 00:00:00,2022-11-28 00:00:00
543,Empleado_0543,13,2024-03-31 00:00:00,2023-12-18 00:00:00
544,Empleado_0544,8,2020-02-11 00:00:00,2020-10-09 00:00:00
545,Empleado_0545,20,2022-01-12 00:00:00,2024-06-30 00:00:00
546,Empleado_0546,15,2020-09-27 00:00:00,2024-02-04 00:00:00
547,Empleado_0547,18,2021-08-09 00:00:00,2020-06-26 00:00:00
548,Empleado_0548,8,2023-09-08 00:00:00,2020-03-04 00:00:00
549,Empleado_0549,14,2023-08-10 00:00:00,2020-05-19 00:00:00
550,Empleado_0550,17,2023-04-27 00:00:00,2022-12-30 00:00:00
551,Empleado_0551,20,2020-04-17 00:00:00,2024-06-22 00:00:00
552,Empleado_0552,20,2023-10-11 00:00:00,2022-09-14 00:00:00
553,Empleado_0553,16,2020-10-03 00:00:00,2022-01-01 00:00:00
554,Empleado_0554,14,2020-05-22 00:00:00,2021-03-03 00:00:00
555,Empleado_0555,17,2020-03-20 00:00:00,2023-03-28 00:00:00
556,Empleado_0556,16,2022-08-03 00:00:00,2020-07-08 00:00:00
557,Empleado_0557,7,2024-09-07 00:00:00,2022-07-29 00:00:00
558,Empleado_0558,6,2022-11-25 00:00:00,2024-12-18 00:00:00
559,Empleado_0559,14,2020-11-28 00:00:00,2024-09-03 00:00:00
560,Empleado_0560,9,2024-06-03 00:00:00,2020-07-10 00:00:00
561,Empleado_0561,2,2023-09-04 00:00:00,2022-12-30 00:00:00
562,Empleado_0562,18,2020-03-06 00:00:00,2020-09-27 00:00:00
563,Empleado_0563,10,2024-09-18 00:00:00,2020-09-13 00:00:00
564,Empleado_0564,16,2020-07-30 00:00:00,2023-09-27 00:00:00
565,Empleado_0565,2,2023-07-29 00:00:00,2021-11-19 00:00:00
566,Empleado_0566,3,2021-06-17 00:00:00,2021-05-16 00:00:00
567,Empleado_0567,5,2024-02-04 00:00:00,2021-01-07 00:00:00
568,Empleado_0568,5,2023-12-03 00:00:00,2020-02-20 00:00:00
569,Empleado_0569,13,2020-07-19 00:00:00,2020-05-31 00:00:00
570,Empleado_0570,13,2021-11-27 00:00:00,2022-06-28 00:00:00
571,Empleado_0571,12,2022-08-15 00:00:00,2024-03-24 00:00:00
572,Empleado_0572,15,2024-03-17 00:00:00,2024-08-10 00:00:00
573,Empleado_0573,3,2022-04-19 00:00:00,2020-10-07 00:00:00
574,Empleado_0574,6,2024-09-10 00:00:00,2023-04-23 00:00:00
575,Empleado_0575,8,2021-02-23 00:00:00,2023-09-02 00:00:00
576,Empleado_0576,8,2020-06-23 00:00:00,2023-11-29 00:00:00
577,Empleado_0577,7,2022-05-16 00:00:00,2024-11-08 00:00:00
578,Empleado_0578,16,2020-07-27 00:00:00,2022-02-24 00:00:00
579,Empleado_0579,17,2022-11-11 00:00:00,2024-10-23 00:00:00
580,Empleado_0580,3,2021-10-02 00:00:00,2022-03-11 00:00:00
581,Empleado_0581,18,2023-04-01 00:00:00,2021-02-20 00:00:00
582,Empleado_0582,12,2022-02-20 00:00:00,2022-08-19 00:00:00
583,Empleado_0583,19,2023-08-13 00:00:00,2024-01-18 00:00:00
584,Empleado_0584,13,2020-06-12 00:00:00,2022-01-31 00:00:00
585,Empleado_0585,11,2022-02-03 00:00:00,2021-11-13 00:00:00
586,Empleado_0586,18,2022-07-24 00:00:00,2021-08-09 00:00:00
587,Empleado_0587,2,2022-08-05 00:00:00,2022-04-25 00:00:00
588,Empleado_0588,2,2023-01-06 00:00:00,2021-05-13 00:00:00
589,Empleado_0589,6,2021-06-14 00:00:00,2021-02-06 00:00:00
590,Empleado_0590,6,2024-05-17 00:00:00,2023-02-02 00:00:00
591,Empleado_0591,9,2022-08-28 00:00:00,2023-08-15 00:00:00
592,Empleado_0592,10,2021-05-05 00:00:00,2024-12-17 00:00:00
593,Empleado_0593,13,2024-05-15 00:00:00,2023-05-20 00:00:00
594,Empleado_0594,5,2022-01-28 00:00:00,2024-02-15 00:00:00
595,Empleado_0595,1,2021-10-31 00:00:00,2021-03-17 00:00:00
596,Empleado_0596,6,2022-04-10 00:00:00,2022-02-17 00:00:00
597,Empleado_0597,5,2022-06-04 00:00:00,2024-01-13 00:00:00
598,Empleado_0598,12,2022-06-06 00:00:00,2022-08-24 00:00:00
599,Empleado_0599,19,2023-08-03 00:00:00,2020-05-22 00:00:00
600,Empleado_0600,9,2023-08-24 00:00:00,2020-02-23 00:00:00
601,Empleado_0601,1,2024-07-12 00:00:00,2021-09-16 00:00:00
602,Empleado_0602,18,2021-05-05 00:00:00,2020-09-01 00:00:00
603,Empleado_0603,20,2023-01-18 00:00:00,2022-08-29 00:00:00
604,Empleado_0604,12,2022-11-23 00:00:00,2020-08-07 00:00:00
605,Empleado_0605,13,2024-06-14 00:00:00,2020-09-23 00:00:00
606,Empleado_0606,19,2020-06-03 00:00:00,2020-12-09 00:00:00
607,Empleado_0607,16,2021-02-17 00:00:00,2024-09-16 00:00:00
608,Empleado_0608,16,2020-09-29 00:00:00,2020-05-13 00:00:00
609,Empleado_0609,8,2021-10-16 00:00:00,2021-04-27 00:00:00
610,Empleado_0610,5,2022-06-23 00:00:00,2023-12-09 00:00:00
611,Empleado_0611,8,2020-11-16 00:00:00,2022-04-10 00:00:00
612,Empleado_0612,4,2023-11-03 00:00:00,2021-09-10 00:00:00
613,Empleado_0613,15,2024-04-29 00:00:00,2023-09-03 00:00:00
614,Empleado_0614,20,2020-06-05 00:00:00,2023-05-13 00:00:00
615,Empleado_0615,1,2022-12-03 00:00:00,2023-07-06 00:00:00
616,Empleado_0616,10,2020-07-31 00:00:00,2022-04-30 00:00:00
617,Empleado_0617,16,2024-04-04 00:00:00,2020-11-01 00:00:00
618,Empleado_0618,1,2022-05-15 00:00:00,2021-10-12 00:00:00
619,Empleado_0619,20,2023-03-23 00:00:00,2024-11-01 00:00:00
620,Empleado_0620,19,2022-09-16 00:00:00,2022-09-30 00:00:00
621,Empleado_0621,3,2023-10-08 00:00:00,2020-06-18 00:00:00
622,Empleado_0622,20,2023-09-05 00:00:00,2024-12-03 00:00:00
623,Empleado_0623,18,2022-08-08 00:00:00,2023-12-09 00:00:00
624,Empleado_0624,11,2020-04-20 00:00:00,2021-03-26 00:00:00
625,Empleado_0625,3,2022-09-04 00:00:00,2023-08-17 00:00:00
626,Empleado_0626,8,2020-07-16 00:00:00,2022-01-09 00:00:00
627,Empleado_0627,1,2021-05-30 00:00:00,2022-08-14 00:00:00
628,Empleado_0628,10,2023-10-23 00:00:00,2021-12-07 00:00:00
629,Empleado_0629,14,2024-04-26 00:00:00,2023-10-28 00:00:00
630,Empleado_0630,6,2020-10-05 00:00:00,2024-03-27 00:00:00
631,Empleado_0631,7,2024-08-26 00:00:00,2022-06-28 00:00:00
632,Empleado_0632,5,2021-12-20 00:00:00,2024-09-14 00:00:00
633,Empleado_0633,8,2023-05-29 00:00:00,2021-10-20 00:00:00
634,Empleado_0634,3,2020-04-06 00:00:00,2024-03-20 00:00:00
635,Empleado_0635,4,2023-04-13 00:00:00,2022-09-02 00:00:00
636,Empleado_0636,20,2023-12-20 00:00:00,2022-03-24 00:00:00
637,Empleado_0637,14,2021-01-04 00:00:00,2024-12-08 00:00:00
638,Empleado_0638,16,2021-01-22 00:00:00,2024-12-25 00:00:00
639,Empleado_0639,4,2020-12-01 00:00:00,2022-09-02 00:00:00
640,Empleado_0640,3,2021-08-25 00:00:00,2021-06-21 00:00:00
641,Empleado_0641,4,2022-01-09 00:00:00,2023-10-30 00:00:00
642,Empleado_0642,18,2024-08-13 00:00:00,2020-05-09 00:00:00
643,Empleado_0643,5,2023-04-13 00:00:00,2022-12-05 00:00:00
644,Empleado_0644,18,2024-01-20 00:00:00,2020-06-06 00:00:00
645,Empleado_0645,10,2023-06-17 00:00:00,2021-03-31 00:00:00
646,Empleado_0646,17,2022-04-18 00:00:00,2023-10-25 00:00:00
647,Empleado_0647,1,2020-08-12 00:00:00,2020-05-14 00:00:00
648,Empleado_0648,3,2020-07-19 00:00:00,2021-07-17 00:00:00
649,Empleado_0649,14,2023-03-22 00:00:00,2024-06-20 00:00:00
650,Empleado_0650,17,2020-11-01 00:00:00,2020-05-21 00:00:00
651,Empleado_0651,6,2024-05-30 00:00:00,2022-09-01 00:00:00
652,Empleado_0652,18,2023-08-10 00:00:00,2021-04-21 00:00:00
653,Empleado_0653,13,2020-09-16 00:00:00,2024-07-26 00:00:00
654,Empleado_0654,16,2021-02-25 00:00:00,2021-06-06 00:00:00
655,Empleado_0655,11,2023-09-04 00:00:00,2024-12-29 00:00:00
656,Empleado_0656,7,2024-01-10 00:00:00,2022-12-04 00:00:00
657,Empleado_0657,5,2024-03-22 00:00:00,2021-05-09 00:00:00
658,Empleado_0658,15,2021-09-12 00:00:00,2020-02-14 00:00:00
659,Empleado_0659,3,2020-11-07 00:00:00,2023-07-27 00:00:00
660,Empleado_0660,13,2024-12-02 00:00:00,2022-06-30 00:00:00
661,Empleado_0661,4,2020-01-25 00:00:00,2024-10-18 00:00:00
662,Empleado_0662,16,2023-01-07 00:00:00,2023-08-11 00:00:00
663,Empleado_0663,17,2023-06-06 00:00:00,2024-07-23 00:00:00
664,Empleado_0664,19,2024-04-03 00:00:00,2021-09-09 00:00:00
665,Empleado_0665,20,2021-01-15 00:00:00,2023-04-02 00:00:00
666,Empleado_0666,6,2024-07-08 00:00:00,2020-11-19 00:00:00
667,Empleado_0667,19,2021-01-19 00:00:00,2023-06-11 00:00:00
668,Empleado_0668,15,2024-04-18 00:00:00,2023-04-10 00:00:00
669,Empleado_0669,1,2024-06-16 00:00:00,2023-08-31 00:00:00
670,Empleado_0670,9,2022-10-17 00:00:00,2023-05-26 00:00:00
671,Empleado_0671,4,2022-04-29 00:00:00,2020-01-05 00:00:00
672,Empleado_0672,11,2024-02-07 00:00:00,2020-10-20 00:00:00
673,Empleado_0673,18,2023-01-04 00:00:00,2020-09-25 00:00:00
674,Empleado_0674,16,2022-02-08 00:00:00,2023-04-13 00:00:00
675,Empleado_0675,11,2024-02-26 00:00:00,2023-10-26 00:00:00
676,Empleado_0676,19,2023-05-25 00:00:00,2021-07-07 00:00:00
677,Empleado_0677,2,2023-12-22 00:00:00,2022-03-07 00:00:00
678,Empleado_0678,15,2023-03-22 00:00:00,2023-02-16 00:00:00
679,Empleado_0679,11,2021-01-23 00:00:00,2023-02-06 00:00:00
680,Empleado_0680,6,2021-06-04 00:00:00,2021-12-25 00:00:00
681,Empleado_0681,15,2022-09-01 00:00:00,2022-01-04 00:00:00
682,Empleado_0682,19,2024-05-18 00:00:00,2020-10-03 00:00:00
683,Empleado_0683,13,2024-04-16 00:00:00,2021-12-13 00:00:00
684,Empleado_0684,17,2023-05-20 00:00:00,2023-12-12 00:00:00
685,Empleado_0685,9,2024-03-02 00:00:00,2024-12-24 00:00:00
686,Empleado_0686,1,2023-08-05 00:00:00,2022-12-10 00:00:00
687,Empleado_0687,2,2024-03-26 00:00:00,2024-05-01 00:00:00
688,Empleado_0688,6,2020-11-28 00:00:00,2020-06-10 00:00:00
689,Empleado_0689,3,2024-01-31 00:00:00,2023-03-02 00:00:00
690,Empleado_0690,15,2023-06-21 00:00:00,2020-07-13 00:00:00
691,Empleado_0691,14,2023-07-08 00:00:00,2021-04-02 00:00:00
692,Empleado_0692,15,2022-04-20 00:00:00,2023-10-18 00:00:00
693,Empleado_0693,3,2021-11-08 00:00:00,2021-08-13 00:00:00
694,Empleado_0694,10,2020-04-03 00:00:00,2022-08-13 00:00:00
695,Empleado_0695,11,2020-01-27 00:00:00,2023-06-24 00:00:00
696,Empleado_0696,13,2023-09-14 00:00:00,2022-09-23 00:00:00
697,Empleado_0697,10,2020-07-18 00:00:00,2023-03-20 00:00:00
698,Empleado_0698,1,2021-12-10 00:00:00,2020-09-30 00:00:00
699,Empleado_0699,3,2022-05-14 00:00:00,2021-07-30 00:00:00
700,Empleado_0700,13,2023-10-25 00:00:00,2020-08-09 00:00:00
