id,nombre,fk_maquina,created_at,updated_at
1,Licencia_0001,MAQ_0024,2021-12-12 00:00:00,2021-03-03 00:00:00
2,Licencia_0002,MAQ_0100,2021-11-06 00:00:00,2024-05-17 00:00:00
3,Licencia_0003,MAQ_0075,2023-02-08 00:00:00,2020-08-12 00:00:00
4,Licencia_0004,MAQ_0065,2021-04-19 00:00:00,2024-05-25 00:00:00
5,Licencia_0005,MAQ_0045,2024-07-21 00:00:00,2020-11-27 00:00:00
6,Licencia_0006,MAQ_0039,2024-04-04 00:00:00,2023-07-07 00:00:00
7,Licencia_0007,MAQ_0017,2021-06-01 00:00:00,2021-11-18 00:00:00
8,Licencia_0008,MAQ_0090,2021-06-01 00:00:00,2021-07-05 00:00:00
9,Licencia_0009,MAQ_0083,2022-06-04 00:00:00,2023-11-07 00:00:00
10,Licencia_0010,MAQ_0065,2020-01-24 00:00:00,2020-11-06 00:00:00
11,Licencia_0011,MAQ_0033,2022-05-21 00:00:00,2021-11-14 00:00:00
12,Licencia_0012,MAQ_0004,2023-04-28 00:00:00,2021-01-19 00:00:00
13,Licencia_0013,MAQ_0068,2022-08-28 00:00:00,2020-06-09 00:00:00
14,Licencia_0014,MAQ_0066,2023-09-05 00:00:00,2024-02-01 00:00:00
15,Licencia_0015,MAQ_0060,2020-10-13 00:00:00,2023-12-23 00:00:00
16,Licencia_0016,MAQ_0056,2023-12-17 00:00:00,2022-02-02 00:00:00
17,Licencia_0017,MAQ_0079,2023-10-23 00:00:00,2023-01-15 00:00:00
18,Licencia_0018,MAQ_0081,2021-11-07 00:00:00,2020-11-15 00:00:00
19,Licencia_0019,MAQ_0073,2020-08-01 00:00:00,2020-07-27 00:00:00
20,Licencia_0020,MAQ_0031,2021-06-26 00:00:00,2021-01-17 00:00:00
21,Licencia_0021,MAQ_0040,2023-05-02 00:00:00,2020-10-02 00:00:00
22,Licencia_0022,MAQ_0046,2021-04-24 00:00:00,2020-11-01 00:00:00
23,Licencia_0023,MAQ_0058,2023-06-07 00:00:00,2020-10-28 00:00:00
24,Licencia_0024,MAQ_0072,2021-04-23 00:00:00,2021-04-01 00:00:00
25,Licencia_0025,MAQ_0067,2024-12-13 00:00:00,2021-04-30 00:00:00
26,Licencia_0026,MAQ_0007,2024-08-05 00:00:00,2021-05-31 00:00:00
27,Licencia_0027,MAQ_0003,2023-02-06 00:00:00,2023-02-13 00:00:00
28,Licencia_0028,MAQ_0080,2020-04-12 00:00:00,2021-01-30 00:00:00
29,Licencia_0029,MAQ_0063,2021-08-10 00:00:00,2020-11-25 00:00:00
30,Licencia_0030,MAQ_0016,2024-05-12 00:00:00,2024-07-08 00:00:00
31,Licencia_0031,MAQ_0057,2023-11-29 00:00:00,2022-06-08 00:00:00
32,Licencia_0032,MAQ_0089,2024-01-11 00:00:00,2024-03-24 00:00:00
33,Licencia_0033,MAQ_0041,2023-03-03 00:00:00,2023-07-18 00:00:00
34,Licencia_0034,MAQ_0078,2022-05-01 00:00:00,2023-09-27 00:00:00
35,Licencia_0035,MAQ_0060,2022-06-12 00:00:00,2022-12-19 00:00:00
36,Licencia_0036,MAQ_0084,2021-01-03 00:00:00,2023-03-09 00:00:00
37,Licencia_0037,MAQ_0052,2022-08-14 00:00:00,2024-09-05 00:00:00
38,Licencia_0038,MAQ_0048,2022-12-22 00:00:00,2023-06-02 00:00:00
39,Licencia_0039,MAQ_0068,2020-08-26 00:00:00,2020-08-26 00:00:00
40,Licencia_0040,MAQ_0052,2022-07-04 00:00:00,2024-06-12 00:00:00
41,Licencia_0041,MAQ_0047,2021-05-23 00:00:00,2022-08-30 00:00:00
42,Licencia_0042,MAQ_0057,2021-12-19 00:00:00,2020-08-27 00:00:00
43,Licencia_0043,MAQ_0064,2021-08-26 00:00:00,2022-03-31 00:00:00
44,Licencia_0044,MAQ_0006,2024-07-29 00:00:00,2022-05-08 00:00:00
45,Licencia_0045,MAQ_0043,2024-05-17 00:00:00,2020-05-29 00:00:00
46,Licencia_0046,MAQ_0090,2022-09-17 00:00:00,2022-06-22 00:00:00
47,Licencia_0047,MAQ_0084,2021-10-04 00:00:00,2022-11-10 00:00:00
48,Licencia_0048,MAQ_0094,2020-07-12 00:00:00,2024-06-06 00:00:00
49,Licencia_0049,MAQ_0049,2022-06-24 00:00:00,2023-06-15 00:00:00
50,Licencia_0050,MAQ_0018,2023-04-24 00:00:00,2021-12-17 00:00:00
51,Licencia_0051,MAQ_0027,2021-11-14 00:00:00,2022-07-26 00:00:00
52,Licencia_0052,MAQ_0019,2024-10-05 00:00:00,2020-02-08 00:00:00
53,Licencia_0053,MAQ_0079,2022-06-10 00:00:00,2022-04-02 00:00:00
54,Licencia_0054,MAQ_0037,2020-05-15 00:00:00,2021-02-26 00:00:00
55,Licencia_0055,MAQ_0099,2021-04-02 00:00:00,2021-03-15 00:00:00
56,Licencia_0056,MAQ_0100,2020-03-07 00:00:00,2022-05-31 00:00:00
57,Licencia_0057,MAQ_0088,2021-11-24 00:00:00,2021-05-21 00:00:00
58,Licencia_0058,MAQ_0051,2024-02-03 00:00:00,2022-05-06 00:00:00
59,Licencia_0059,MAQ_0076,2022-04-07 00:00:00,2021-11-21 00:00:00
60,Licencia_0060,MAQ_0084,2024-08-23 00:00:00,2022-08-19 00:00:00
61,Licencia_0061,MAQ_0055,2024-10-02 00:00:00,2020-06-04 00:00:00
62,Licencia_0062,MAQ_0006,2021-03-02 00:00:00,2022-06-28 00:00:00
63,Licencia_0063,MAQ_0045,2022-06-21 00:00:00,2022-02-28 00:00:00
64,Licencia_0064,MAQ_0026,2024-04-26 00:00:00,2023-09-02 00:00:00
65,Licencia_0065,MAQ_0072,2024-09-12 00:00:00,2024-05-05 00:00:00
66,Licencia_0066,MAQ_0099,2023-12-14 00:00:00,2021-07-27 00:00:00
67,Licencia_0067,MAQ_0038,2022-10-16 00:00:00,2024-10-17 00:00:00
68,Licencia_0068,MAQ_0064,2022-07-21 00:00:00,2023-09-05 00:00:00
69,Licencia_0069,MAQ_0012,2021-09-17 00:00:00,2020-11-16 00:00:00
70,Licencia_0070,MAQ_0070,2023-01-20 00:00:00,2021-10-25 00:00:00
71,Licencia_0071,MAQ_0019,2022-04-18 00:00:00,2023-05-01 00:00:00
72,Licencia_0072,MAQ_0017,2023-12-25 00:00:00,2023-04-25 00:00:00
73,Licencia_0073,MAQ_0051,2022-02-04 00:00:00,2023-07-23 00:00:00
74,Licencia_0074,MAQ_0044,2023-12-21 00:00:00,2020-06-03 00:00:00
75,Licencia_0075,MAQ_0070,2022-09-14 00:00:00,2023-04-01 00:00:00
76,Licencia_0076,MAQ_0003,2021-01-11 00:00:00,2021-01-02 00:00:00
77,Licencia_0077,MAQ_0028,2024-02-03 00:00:00,2021-05-06 00:00:00
78,Licencia_0078,MAQ_0018,2022-05-20 00:00:00,2024-02-16 00:00:00
79,Licencia_0079,MAQ_0072,2023-02-11 00:00:00,2021-11-02 00:00:00
80,Licencia_0080,MAQ_0086,2024-01-25 00:00:00,2023-07-05 00:00:00
81,Licencia_0081,MAQ_0005,2021-01-25 00:00:00,2021-10-28 00:00:00
82,Licencia_0082,MAQ_0017,2021-05-15 00:00:00,2022-04-19 00:00:00
83,Licencia_0083,MAQ_0078,2020-12-15 00:00:00,2023-09-11 00:00:00
84,Licencia_0084,MAQ_0071,2021-03-08 00:00:00,2020-02-05 00:00:00
85,Licencia_0085,MAQ_0063,2021-06-27 00:00:00,2022-05-20 00:00:00
86,Licencia_0086,MAQ_0020,2024-06-22 00:00:00,2024-07-05 00:00:00
87,Licencia_0087,MAQ_0060,2020-10-06 00:00:00,2020-03-31 00:00:00
88,Licencia_0088,MAQ_0061,2020-05-16 00:00:00,2023-07-22 00:00:00
89,Licencia_0089,MAQ_0054,2021-01-30 00:00:00,2022-04-13 00:00:00
90,Licencia_0090,MAQ_0025,2021-08-04 00:00:00,2024-09-04 00:00:00
91,Licencia_0091,MAQ_0039,2024-12-01 00:00:00,2020-06-25 00:00:00
92,Licencia_0092,MAQ_0028,2023-02-26 00:00:00,2020-04-29 00:00:00
93,Licencia_0093,MAQ_0007,2023-07-11 00:00:00,2022-03-09 00:00:00
94,Licencia_0094,MAQ_0052,2023-09-13 00:00:00,2023-02-03 00:00:00
95,Licencia_0095,MAQ_0066,2023-12-11 00:00:00,2020-08-11 00:00:00
96,Licencia_0096,MAQ_0090,2023-05-22 00:00:00,2022-07-30 00:00:00
97,Licencia_0097,MAQ_0093,2020-06-01 00:00:00,2023-07-16 00:00:00
98,Licencia_0098,MAQ_0021,2023-05-24 00:00:00,2021-03-10 00:00:00
99,Licencia_0099,MAQ_0054,2020-06-08 00:00:00,2020-12-11 00:00:00
100,Licencia_0100,MAQ_0012,2022-05-09 00:00:00,2020-03-28 00:00:00
101,Licencia_0101,MAQ_0005,2021-03-06 00:00:00,2024-03-10 00:00:00
102,Licencia_0102,MAQ_0072,2020-03-09 00:00:00,2021-12-30 00:00:00
103,Licencia_0103,MAQ_0056,2024-11-16 00:00:00,2024-11-19 00:00:00
104,Licencia_0104,MAQ_0010,2020-07-04 00:00:00,2023-08-02 00:00:00
105,Licencia_0105,MAQ_0038,2021-12-25 00:00:00,2023-09-20 00:00:00
106,Licencia_0106,MAQ_0062,2024-11-08 00:00:00,2022-01-20 00:00:00
107,Licencia_0107,MAQ_0055,2021-03-31 00:00:00,2021-12-31 00:00:00
108,Licencia_0108,MAQ_0048,2024-07-24 00:00:00,2024-03-26 00:00:00
109,Licencia_0109,MAQ_0013,2024-11-17 00:00:00,2024-10-12 00:00:00
110,Licencia_0110,MAQ_0054,2020-03-28 00:00:00,2021-01-22 00:00:00
111,Licencia_0111,MAQ_0091,2024-01-28 00:00:00,2021-05-08 00:00:00
112,Licencia_0112,MAQ_0097,2022-08-08 00:00:00,2024-09-08 00:00:00
113,Licencia_0113,MAQ_0060,2024-12-18 00:00:00,2023-11-27 00:00:00
114,Licencia_0114,MAQ_0006,2024-06-20 00:00:00,2024-08-22 00:00:00
115,Licencia_0115,MAQ_0077,2021-09-08 00:00:00,2023-05-20 00:00:00
116,Licencia_0116,MAQ_0047,2023-06-30 00:00:00,2021-09-17 00:00:00
117,Licencia_0117,MAQ_0028,2021-10-25 00:00:00,2021-06-14 00:00:00
118,Licencia_0118,MAQ_0054,2020-02-24 00:00:00,2022-05-05 00:00:00
119,Licencia_0119,MAQ_0026,2024-07-17 00:00:00,2021-06-04 00:00:00
120,Licencia_0120,MAQ_0024,2021-07-16 00:00:00,2024-05-06 00:00:00
121,Licencia_0121,MAQ_0061,2024-11-15 00:00:00,2022-05-29 00:00:00
122,Licencia_0122,MAQ_0047,2023-03-18 00:00:00,2023-11-11 00:00:00
123,Licencia_0123,MAQ_0042,2024-04-17 00:00:00,2023-01-26 00:00:00
124,Licencia_0124,MAQ_0015,2021-05-30 00:00:00,2022-05-13 00:00:00
125,Licencia_0125,MAQ_0032,2022-12-29 00:00:00,2022-04-27 00:00:00
126,Licencia_0126,MAQ_0086,2021-12-15 00:00:00,2020-11-03 00:00:00
127,Licencia_0127,MAQ_0055,2020-06-28 00:00:00,2023-10-18 00:00:00
128,Licencia_0128,MAQ_0031,2021-02-18 00:00:00,2024-10-19 00:00:00
129,Licencia_0129,MAQ_0070,2020-02-11 00:00:00,2020-12-01 00:00:00
130,Licencia_0130,MAQ_0058,2022-04-23 00:00:00,2023-04-30 00:00:00
131,Licencia_0131,MAQ_0042,2024-09-25 00:00:00,2022-02-10 00:00:00
132,Licencia_0132,MAQ_0012,2023-06-06 00:00:00,2022-04-16 00:00:00
133,Licencia_0133,MAQ_0086,2022-05-29 00:00:00,2022-09-22 00:00:00
134,Licencia_0134,MAQ_0073,2022-07-07 00:00:00,2024-08-11 00:00:00
135,Licencia_0135,MAQ_0062,2024-03-05 00:00:00,2022-05-02 00:00:00
136,Licencia_0136,MAQ_0085,2022-05-21 00:00:00,2021-11-30 00:00:00
137,Licencia_0137,MAQ_0068,2020-08-25 00:00:00,2023-10-28 00:00:00
138,Licencia_0138,MAQ_0031,2023-02-12 00:00:00,2022-06-24 00:00:00
139,Licencia_0139,MAQ_0012,2023-08-16 00:00:00,2022-04-06 00:00:00
140,Licencia_0140,MAQ_0072,2023-01-18 00:00:00,2023-05-05 00:00:00
141,Licencia_0141,MAQ_0032,2024-06-24 00:00:00,2021-09-01 00:00:00
142,Licencia_0142,MAQ_0100,2024-09-10 00:00:00,2023-09-12 00:00:00
143,Licencia_0143,MAQ_0009,2024-10-05 00:00:00,2022-01-20 00:00:00
144,Licencia_0144,MAQ_0020,2023-05-05 00:00:00,2021-03-03 00:00:00
145,Licencia_0145,MAQ_0032,2021-01-26 00:00:00,2021-06-22 00:00:00
146,Licencia_0146,MAQ_0061,2023-09-02 00:00:00,2023-11-30 00:00:00
147,Licencia_0147,MAQ_0091,2020-06-04 00:00:00,2020-11-25 00:00:00
148,Licencia_0148,MAQ_0035,2022-02-25 00:00:00,2021-05-07 00:00:00
149,Licencia_0149,MAQ_0047,2021-11-08 00:00:00,2022-01-23 00:00:00
150,Licencia_0150,MAQ_0042,2023-08-02 00:00:00,2024-04-01 00:00:00
151,Licencia_0151,MAQ_0084,2022-03-24 00:00:00,2021-08-30 00:00:00
152,Licencia_0152,MAQ_0044,2023-06-05 00:00:00,2021-07-29 00:00:00
153,Licencia_0153,MAQ_0045,2023-03-16 00:00:00,2024-10-22 00:00:00
154,Licencia_0154,MAQ_0034,2023-09-15 00:00:00,2022-12-31 00:00:00
155,Licencia_0155,MAQ_0038,2022-07-15 00:00:00,2020-09-08 00:00:00
156,Licencia_0156,MAQ_0055,2021-06-13 00:00:00,2024-11-17 00:00:00
157,Licencia_0157,MAQ_0029,2020-11-14 00:00:00,2024-10-23 00:00:00
158,Licencia_0158,MAQ_0039,2024-08-31 00:00:00,2020-03-31 00:00:00
159,Licencia_0159,MAQ_0061,2021-10-17 00:00:00,2021-01-03 00:00:00
160,Licencia_0160,MAQ_0011,2023-12-09 00:00:00,2021-08-24 00:00:00
161,Licencia_0161,MAQ_0058,2020-08-26 00:00:00,2020-07-13 00:00:00
162,Licencia_0162,MAQ_0100,2022-10-31 00:00:00,2022-09-10 00:00:00
163,Licencia_0163,MAQ_0042,2024-10-24 00:00:00,2024-01-07 00:00:00
164,Licencia_0164,MAQ_0082,2020-01-05 00:00:00,2024-02-05 00:00:00
165,Licencia_0165,MAQ_0076,2020-08-31 00:00:00,2021-02-20 00:00:00
166,Licencia_0166,MAQ_0081,2021-07-16 00:00:00,2022-12-06 00:00:00
167,Licencia_0167,MAQ_0009,2024-08-06 00:00:00,2022-03-23 00:00:00
168,Licencia_0168,MAQ_0021,2024-10-11 00:00:00,2022-08-25 00:00:00
169,Licencia_0169,MAQ_0045,2021-02-17 00:00:00,2022-07-23 00:00:00
170,Licencia_0170,MAQ_0034,2024-06-25 00:00:00,2023-03-18 00:00:00
171,Licencia_0171,MAQ_0006,2022-02-11 00:00:00,2023-01-16 00:00:00
172,Licencia_0172,MAQ_0020,2021-03-01 00:00:00,2021-05-15 00:00:00
173,Licencia_0173,MAQ_0066,2022-11-04 00:00:00,2021-10-29 00:00:00
174,Licencia_0174,MAQ_0004,2024-06-19 00:00:00,2021-08-13 00:00:00
175,Licencia_0175,MAQ_0067,2020-04-10 00:00:00,2024-09-20 00:00:00
176,Licencia_0176,MAQ_0091,2021-09-28 00:00:00,2024-02-05 00:00:00
177,Licencia_0177,MAQ_0050,2021-01-11 00:00:00,2024-03-26 00:00:00
178,Licencia_0178,MAQ_0053,2023-04-25 00:00:00,2023-12-24 00:00:00
179,Licencia_0179,MAQ_0098,2020-03-26 00:00:00,2022-01-26 00:00:00
180,Licencia_0180,MAQ_0075,2020-07-27 00:00:00,2022-05-23 00:00:00
181,Licencia_0181,MAQ_0095,2020-09-20 00:00:00,2023-10-24 00:00:00
182,Licencia_0182,MAQ_0038,2023-07-07 00:00:00,2023-02-07 00:00:00
183,Licencia_0183,MAQ_0052,2020-09-04 00:00:00,2024-11-06 00:00:00
184,Licencia_0184,MAQ_0095,2021-10-01 00:00:00,2020-08-12 00:00:00
185,Licencia_0185,MAQ_0087,2020-02-05 00:00:00,2024-03-08 00:00:00
186,Licencia_0186,MAQ_0033,2022-05-08 00:00:00,2021-01-26 00:00:00
187,Licencia_0187,MAQ_0057,2020-05-19 00:00:00,2020-07-12 00:00:00
188,Licencia_0188,MAQ_0049,2024-01-20 00:00:00,2020-08-04 00:00:00
189,Licencia_0189,MAQ_0046,2020-12-30 00:00:00,2024-02-08 00:00:00
190,Licencia_0190,MAQ_0049,2022-01-27 00:00:00,2023-09-18 00:00:00
191,Licencia_0191,MAQ_0009,2021-09-03 00:00:00,2022-04-01 00:00:00
192,Licencia_0192,MAQ_0075,2023-05-09 00:00:00,2023-10-14 00:00:00
193,Licencia_0193,MAQ_0064,2023-08-12 00:00:00,2022-07-02 00:00:00
194,Licencia_0194,MAQ_0056,2020-05-03 00:00:00,2024-04-30 00:00:00
195,Licencia_0195,MAQ_0020,2023-08-02 00:00:00,2023-08-27 00:00:00
196,Licencia_0196,MAQ_0049,2021-10-29 00:00:00,2021-05-16 00:00:00
197,Licencia_0197,MAQ_0086,2021-09-05 00:00:00,2024-04-08 00:00:00
198,Licencia_0198,MAQ_0003,2020-02-13 00:00:00,2023-01-05 00:00:00
199,Licencia_0199,MAQ_0092,2022-10-29 00:00:00,2023-05-31 00:00:00
200,Licencia_0200,MAQ_0032,2022-10-16 00:00:00,2023-02-27 00:00:00
201,Licencia_0201,MAQ_0006,2023-03-27 00:00:00,2020-04-30 00:00:00
202,Licencia_0202,MAQ_0065,2023-09-30 00:00:00,2023-12-28 00:00:00
203,Licencia_0203,MAQ_0062,2022-11-13 00:00:00,2023-11-11 00:00:00
204,Licencia_0204,MAQ_0072,2020-06-13 00:00:00,2022-04-09 00:00:00
205,Licencia_0205,MAQ_0008,2023-12-15 00:00:00,2021-10-26 00:00:00
206,Licencia_0206,MAQ_0051,2022-04-17 00:00:00,2021-04-03 00:00:00
207,Licencia_0207,MAQ_0029,2021-07-29 00:00:00,2023-02-17 00:00:00
208,Licencia_0208,MAQ_0058,2020-03-07 00:00:00,2022-06-20 00:00:00
209,Licencia_0209,MAQ_0005,2022-08-15 00:00:00,2021-06-06 00:00:00
210,Licencia_0210,MAQ_0018,2023-02-28 00:00:00,2022-09-14 00:00:00
211,Licencia_0211,MAQ_0023,2024-08-04 00:00:00,2020-03-29 00:00:00
212,Licencia_0212,MAQ_0050,2021-11-26 00:00:00,2024-10-19 00:00:00
213,Licencia_0213,MAQ_0028,2021-08-25 00:00:00,2020-05-16 00:00:00
214,Licencia_0214,MAQ_0056,2021-03-22 00:00:00,2024-01-01 00:00:00
215,Licencia_0215,MAQ_0037,2023-12-15 00:00:00,2020-12-10 00:00:00
216,Licencia_0216,MAQ_0017,2023-07-13 00:00:00,2024-01-07 00:00:00
217,Licencia_0217,MAQ_0076,2024-05-15 00:00:00,2022-12-22 00:00:00
218,Licencia_0218,MAQ_0090,2021-10-25 00:00:00,2020-06-01 00:00:00
219,Licencia_0219,MAQ_0088,2022-06-06 00:00:00,2020-02-27 00:00:00
220,Licencia_0220,MAQ_0073,2023-05-07 00:00:00,2020-10-09 00:00:00
221,Licencia_0221,MAQ_0037,2024-03-10 00:00:00,2021-02-13 00:00:00
222,Licencia_0222,MAQ_0041,2024-08-03 00:00:00,2021-04-20 00:00:00
223,Licencia_0223,MAQ_0043,2022-03-26 00:00:00,2022-11-10 00:00:00
224,Licencia_0224,MAQ_0044,2021-11-04 00:00:00,2024-03-24 00:00:00
225,Licencia_0225,MAQ_0024,2020-01-21 00:00:00,2020-05-09 00:00:00
226,Licencia_0226,MAQ_0058,2020-05-08 00:00:00,2022-09-20 00:00:00
227,Licencia_0227,MAQ_0016,2024-05-28 00:00:00,2020-12-05 00:00:00
228,Licencia_0228,MAQ_0055,2021-01-02 00:00:00,2020-08-05 00:00:00
229,Licencia_0229,MAQ_0060,2022-12-24 00:00:00,2023-08-20 00:00:00
230,Licencia_0230,MAQ_0061,2024-10-22 00:00:00,2024-05-11 00:00:00
231,Licencia_0231,MAQ_0059,2023-05-26 00:00:00,2022-08-05 00:00:00
232,Licencia_0232,MAQ_0042,2024-11-29 00:00:00,2022-10-29 00:00:00
233,Licencia_0233,MAQ_0083,2020-04-10 00:00:00,2024-12-22 00:00:00
234,Licencia_0234,MAQ_0032,2023-07-13 00:00:00,2024-04-27 00:00:00
235,Licencia_0235,MAQ_0002,2023-07-26 00:00:00,2023-11-18 00:00:00
236,Licencia_0236,MAQ_0087,2024-08-24 00:00:00,2023-08-03 00:00:00
237,Licencia_0237,MAQ_0030,2023-06-16 00:00:00,2023-03-30 00:00:00
238,Licencia_0238,MAQ_0087,2021-05-21 00:00:00,2021-05-19 00:00:00
239,Licencia_0239,MAQ_0015,2022-08-03 00:00:00,2023-02-25 00:00:00
240,Licencia_0240,MAQ_0084,2021-04-11 00:00:00,2024-05-31 00:00:00
241,Licencia_0241,MAQ_0057,2022-07-08 00:00:00,2022-12-02 00:00:00
242,Licencia_0242,MAQ_0065,2024-04-16 00:00:00,2020-12-17 00:00:00
243,Licencia_0243,MAQ_0011,2023-08-09 00:00:00,2020-06-30 00:00:00
244,Licencia_0244,MAQ_0012,2023-07-22 00:00:00,2020-06-20 00:00:00
245,Licencia_0245,MAQ_0094,2020-08-20 00:00:00,2024-03-21 00:00:00
246,Licencia_0246,MAQ_0095,2022-08-04 00:00:00,2020-07-21 00:00:00
247,Licencia_0247,MAQ_0035,2020-05-25 00:00:00,2021-05-02 00:00:00
248,Licencia_0248,MAQ_0086,2020-07-27 00:00:00,2022-12-13 00:00:00
249,Licencia_0249,MAQ_0053,2024-10-23 00:00:00,2021-01-03 00:00:00
250,Licencia_0250,MAQ_0059,2020-04-04 00:00:00,2022-11-20 00:00:00
251,Licencia_0251,MAQ_0009,2022-05-08 00:00:00,2020-07-09 00:00:00
252,Licencia_0252,MAQ_0003,2020-08-17 00:00:00,2024-07-16 00:00:00
253,Licencia_0253,MAQ_0008,2024-09-19 00:00:00,2022-08-30 00:00:00
254,Licencia_0254,MAQ_0015,2024-03-30 00:00:00,2024-09-03 00:00:00
255,Licencia_0255,MAQ_0064,2023-03-09 00:00:00,2021-11-08 00:00:00
256,Licencia_0256,MAQ_0035,2021-05-11 00:00:00,2024-03-15 00:00:00
257,Licencia_0257,MAQ_0088,2024-02-20 00:00:00,2021-02-17 00:00:00
258,Licencia_0258,MAQ_0007,2023-08-27 00:00:00,2024-05-21 00:00:00
259,Licencia_0259,MAQ_0086,2021-04-19 00:00:00,2021-08-26 00:00:00
260,Licencia_0260,MAQ_0064,2021-06-14 00:00:00,2023-06-18 00:00:00
261,Licencia_0261,MAQ_0074,2022-03-17 00:00:00,2024-08-31 00:00:00
262,Licencia_0262,MAQ_0030,2022-08-14 00:00:00,2022-10-19 00:00:00
263,Licencia_0263,MAQ_0014,2024-06-07 00:00:00,2023-03-20 00:00:00
264,Licencia_0264,MAQ_0097,2023-08-28 00:00:00,2022-01-31 00:00:00
265,Licencia_0265,MAQ_0040,2021-04-01 00:00:00,2021-03-28 00:00:00
266,Licencia_0266,MAQ_0061,2022-03-14 00:00:00,2023-04-01 00:00:00
267,Licencia_0267,MAQ_0034,2021-10-03 00:00:00,2023-11-22 00:00:00
268,Licencia_0268,MAQ_0001,2021-02-03 00:00:00,2022-03-02 00:00:00
269,Licencia_0269,MAQ_0046,2021-07-04 00:00:00,2023-05-29 00:00:00
270,Licencia_0270,MAQ_0003,2020-07-20 00:00:00,2022-02-21 00:00:00
271,Licencia_0271,MAQ_0080,2021-04-15 00:00:00,2023-06-19 00:00:00
272,Licencia_0272,MAQ_0008,2021-12-05 00:00:00,2023-03-08 00:00:00
273,Licencia_0273,MAQ_0051,2022-02-17 00:00:00,2020-12-05 00:00:00
274,Licencia_0274,MAQ_0097,2024-04-13 00:00:00,2022-01-12 00:00:00
275,Licencia_0275,MAQ_0053,2024-01-25 00:00:00,2021-11-11 00:00:00
276,Licencia_0276,MAQ_0048,2021-03-22 00:00:00,2021-08-14 00:00:00
277,Licencia_0277,MAQ_0014,2020-05-06 00:00:00,2023-10-15 00:00:00
278,Licencia_0278,MAQ_0009,2023-03-14 00:00:00,2024-02-09 00:00:00
279,Licencia_0279,MAQ_0019,2024-12-19 00:00:00,2022-12-01 00:00:00
280,Licencia_0280,MAQ_0035,2022-05-30 00:00:00,2024-10-17 00:00:00
281,Licencia_0281,MAQ_0010,2022-04-17 00:00:00,2023-01-15 00:00:00
282,Licencia_0282,MAQ_0084,2023-01-15 00:00:00,2020-10-18 00:00:00
283,Licencia_0283,MAQ_0006,2020-02-29 00:00:00,2021-02-24 00:00:00
284,Licencia_0284,MAQ_0074,2020-05-28 00:00:00,2024-08-12 00:00:00
285,Licencia_0285,MAQ_0031,2023-05-20 00:00:00,2023-09-02 00:00:00
286,Licencia_0286,MAQ_0024,2021-04-28 00:00:00,2020-10-23 00:00:00
287,Licencia_0287,MAQ_0079,2024-02-06 00:00:00,2020-03-19 00:00:00
288,Licencia_0288,MAQ_0085,2021-01-07 00:00:00,2024-09-26 00:00:00
289,Licencia_0289,MAQ_0045,2020-04-07 00:00:00,2020-06-08 00:00:00
290,Licencia_0290,MAQ_0071,2020-11-18 00:00:00,2021-08-17 00:00:00
291,Licencia_0291,MAQ_0098,2022-09-16 00:00:00,2023-06-30 00:00:00
292,Licencia_0292,MAQ_0059,2022-06-08 00:00:00,2023-07-28 00:00:00
293,Licencia_0293,MAQ_0099,2023-01-12 00:00:00,2022-03-03 00:00:00
294,Licencia_0294,MAQ_0018,2022-05-04 00:00:00,2021-05-10 00:00:00
295,Licencia_0295,MAQ_0059,2020-06-10 00:00:00,2023-05-22 00:00:00
296,Licencia_0296,MAQ_0080,2024-03-13 00:00:00,2024-12-21 00:00:00
297,Licencia_0297,MAQ_0014,2024-04-28 00:00:00,2022-05-24 00:00:00
298,Licencia_0298,MAQ_0013,2022-06-19 00:00:00,2021-11-25 00:00:00
299,Licencia_0299,MAQ_0094,2021-01-15 00:00:00,2020-04-10 00:00:00
300,Licencia_0300,MAQ_0080,2021-06-18 00:00:00,2022-11-20 00:00:00
301,Licencia_0301,MAQ_0009,2022-08-14 00:00:00,2023-08-22 00:00:00
302,Licencia_0302,MAQ_0052,2021-11-15 00:00:00,2024-11-05 00:00:00
303,Licencia_0303,MAQ_0008,2022-11-24 00:00:00,2021-05-06 00:00:00
304,Licencia_0304,MAQ_0092,2020-10-18 00:00:00,2023-04-24 00:00:00
305,Licencia_0305,MAQ_0036,2020-06-30 00:00:00,2021-10-20 00:00:00
306,Licencia_0306,MAQ_0007,2022-07-22 00:00:00,2020-07-19 00:00:00
307,Licencia_0307,MAQ_0005,2020-11-03 00:00:00,2020-12-15 00:00:00
308,Licencia_0308,MAQ_0003,2024-03-02 00:00:00,2020-11-08 00:00:00
309,Licencia_0309,MAQ_0088,2022-07-04 00:00:00,2023-03-08 00:00:00
310,Licencia_0310,MAQ_0007,2023-08-07 00:00:00,2023-06-25 00:00:00
311,Licencia_0311,MAQ_0049,2024-03-28 00:00:00,2020-10-25 00:00:00
312,Licencia_0312,MAQ_0047,2024-03-14 00:00:00,2022-03-17 00:00:00
313,Licencia_0313,MAQ_0026,2022-12-16 00:00:00,2020-07-05 00:00:00
314,Licencia_0314,MAQ_0047,2023-01-23 00:00:00,2022-09-16 00:00:00
315,Licencia_0315,MAQ_0056,2024-12-10 00:00:00,2022-07-02 00:00:00
316,Licencia_0316,MAQ_0083,2021-03-12 00:00:00,2024-08-19 00:00:00
317,Licencia_0317,MAQ_0006,2023-06-07 00:00:00,2020-06-11 00:00:00
318,Licencia_0318,MAQ_0060,2021-09-01 00:00:00,2024-12-24 00:00:00
319,Licencia_0319,MAQ_0063,2024-03-05 00:00:00,2021-11-11 00:00:00
320,Licencia_0320,MAQ_0067,2023-02-20 00:00:00,2020-09-15 00:00:00
321,Licencia_0321,MAQ_0009,2022-06-14 00:00:00,2022-05-08 00:00:00
322,Licencia_0322,MAQ_0046,2024-06-29 00:00:00,2021-03-31 00:00:00
323,Licencia_0323,MAQ_0089,2021-03-05 00:00:00,2020-01-21 00:00:00
324,Licencia_0324,MAQ_0087,2020-06-27 00:00:00,2024-05-21 00:00:00
325,Licencia_0325,MAQ_0024,2022-06-08 00:00:00,2020-10-23 00:00:00
326,Licencia_0326,MAQ_0040,2020-08-25 00:00:00,2022-08-28 00:00:00
327,Licencia_0327,MAQ_0059,2020-10-05 00:00:00,2020-07-01 00:00:00
328,Licencia_0328,MAQ_0005,2024-09-03 00:00:00,2021-01-18 00:00:00
329,Licencia_0329,MAQ_0034,2020-03-27 00:00:00,2023-05-11 00:00:00
330,Licencia_0330,MAQ_0077,2023-08-07 00:00:00,2022-11-23 00:00:00
331,Licencia_0331,MAQ_0095,2020-01-18 00:00:00,2021-12-02 00:00:00
332,Licencia_0332,MAQ_0021,2020-05-19 00:00:00,2021-06-07 00:00:00
333,Licencia_0333,MAQ_0045,2020-09-06 00:00:00,2021-10-14 00:00:00
334,Licencia_0334,MAQ_0058,2020-03-24 00:00:00,2021-06-08 00:00:00
335,Licencia_0335,MAQ_0011,2023-05-14 00:00:00,2021-08-18 00:00:00
336,Licencia_0336,MAQ_0014,2020-07-27 00:00:00,2021-10-08 00:00:00
337,Licencia_0337,MAQ_0057,2024-01-15 00:00:00,2023-08-28 00:00:00
338,Licencia_0338,MAQ_0088,2020-08-21 00:00:00,2022-02-17 00:00:00
339,Licencia_0339,MAQ_0092,2020-09-26 00:00:00,2020-09-20 00:00:00
340,Licencia_0340,MAQ_0083,2022-05-26 00:00:00,2023-12-28 00:00:00
341,Licencia_0341,MAQ_0010,2023-04-02 00:00:00,2021-11-07 00:00:00
342,Licencia_0342,MAQ_0062,2022-01-04 00:00:00,2021-06-30 00:00:00
343,Licencia_0343,MAQ_0030,2022-10-06 00:00:00,2022-09-21 00:00:00
344,Licencia_0344,MAQ_0083,2023-05-01 00:00:00,2022-01-28 00:00:00
345,Licencia_0345,MAQ_0050,2024-05-03 00:00:00,2020-10-02 00:00:00
346,Licencia_0346,MAQ_0048,2023-02-27 00:00:00,2023-04-28 00:00:00
347,Licencia_0347,MAQ_0042,2021-07-17 00:00:00,2021-12-21 00:00:00
348,Licencia_0348,MAQ_0054,2022-11-17 00:00:00,2023-08-06 00:00:00
349,Licencia_0349,MAQ_0090,2021-01-30 00:00:00,2024-10-26 00:00:00
350,Licencia_0350,MAQ_0010,2021-10-16 00:00:00,2024-10-24 00:00:00
351,Licencia_0351,MAQ_0031,2022-08-05 00:00:00,2020-07-25 00:00:00
352,Licencia_0352,MAQ_0053,2023-06-19 00:00:00,2023-09-19 00:00:00
353,Licencia_0353,MAQ_0095,2023-11-28 00:00:00,2022-11-22 00:00:00
354,Licencia_0354,MAQ_0089,2021-11-18 00:00:00,2023-08-12 00:00:00
355,Licencia_0355,MAQ_0060,2021-02-27 00:00:00,2020-02-15 00:00:00
356,Licencia_0356,MAQ_0010,2023-09-18 00:00:00,2021-08-15 00:00:00
357,Licencia_0357,MAQ_0076,2022-01-01 00:00:00,2024-02-10 00:00:00
358,Licencia_0358,MAQ_0032,2020-01-10 00:00:00,2022-05-31 00:00:00
359,Licencia_0359,MAQ_0014,2023-01-22 00:00:00,2022-12-24 00:00:00
360,Licencia_0360,MAQ_0036,2020-08-09 00:00:00,2023-06-02 00:00:00
361,Licencia_0361,MAQ_0035,2021-08-16 00:00:00,2023-11-16 00:00:00
362,Licencia_0362,MAQ_0098,2020-10-19 00:00:00,2022-10-27 00:00:00
363,Licencia_0363,MAQ_0062,2022-02-28 00:00:00,2022-08-21 00:00:00
364,Licencia_0364,MAQ_0072,2021-03-19 00:00:00,2024-11-04 00:00:00
365,Licencia_0365,MAQ_0084,2020-08-06 00:00:00,2020-10-31 00:00:00
366,Licencia_0366,MAQ_0075,2020-09-29 00:00:00,2020-11-23 00:00:00
367,Licencia_0367,MAQ_0038,2024-12-23 00:00:00,2020-12-15 00:00:00
368,Licencia_0368,MAQ_0059,2022-05-06 00:00:00,2021-04-09 00:00:00
369,Licencia_0369,MAQ_0098,2024-11-26 00:00:00,2022-09-06 00:00:00
370,Licencia_0370,MAQ_0005,2022-03-18 00:00:00,2024-01-24 00:00:00
371,Licencia_0371,MAQ_0084,2021-05-13 00:00:00,2023-04-13 00:00:00
372,Licencia_0372,MAQ_0002,2023-07-31 00:00:00,2022-10-25 00:00:00
373,Licencia_0373,MAQ_0022,2020-06-16 00:00:00,2023-06-29 00:00:00
374,Licencia_0374,MAQ_0016,2020-12-02 00:00:00,2024-10-30 00:00:00
375,Licencia_0375,MAQ_0072,2020-02-04 00:00:00,2022-10-08 00:00:00
376,Licencia_0376,MAQ_0095,2020-09-25 00:00:00,2021-06-27 00:00:00
377,Licencia_0377,MAQ_0002,2020-10-22 00:00:00,2021-12-23 00:00:00
378,Licencia_0378,MAQ_0059,2022-04-21 00:00:00,2022-02-17 00:00:00
379,Licencia_0379,MAQ_0094,2021-01-24 00:00:00,2021-11-15 00:00:00
380,Licencia_0380,MAQ_0076,2021-05-29 00:00:00,2020-11-16 00:00:00
381,Licencia_0381,MAQ_0081,2024-04-07 00:00:00,2023-11-03 00:00:00
382,Licencia_0382,MAQ_0048,2023-06-22 00:00:00,2023-01-02 00:00:00
383,Licencia_0383,MAQ_0048,2022-09-01 00:00:00,2021-10-20 00:00:00
384,Licencia_0384,MAQ_0036,2022-10-12 00:00:00,2023-02-26 00:00:00
385,Licencia_0385,MAQ_0006,2023-06-25 00:00:00,2024-06-03 00:00:00
386,Licencia_0386,MAQ_0080,2023-09-01 00:00:00,2024-08-31 00:00:00
387,Licencia_0387,MAQ_0070,2024-02-28 00:00:00,2021-04-21 00:00:00
388,Licencia_0388,MAQ_0039,2022-05-28 00:00:00,2024-06-20 00:00:00
389,Licencia_0389,MAQ_0094,2021-05-09 00:00:00,2023-06-17 00:00:00
390,Licencia_0390,MAQ_0077,2022-01-10 00:00:00,2020-05-23 00:00:00
391,Licencia_0391,MAQ_0098,2021-03-23 00:00:00,2022-10-27 00:00:00
392,Licencia_0392,MAQ_0052,2021-07-04 00:00:00,2022-03-22 00:00:00
393,Licencia_0393,MAQ_0072,2020-09-12 00:00:00,2024-09-28 00:00:00
394,Licencia_0394,MAQ_0006,2020-11-19 00:00:00,2022-11-14 00:00:00
395,Licencia_0395,MAQ_0009,2021-02-18 00:00:00,2021-04-05 00:00:00
396,Licencia_0396,MAQ_0089,2021-08-08 00:00:00,2023-01-18 00:00:00
397,Licencia_0397,MAQ_0003,2022-12-30 00:00:00,2020-01-05 00:00:00
398,Licencia_0398,MAQ_0040,2020-09-30 00:00:00,2022-12-10 00:00:00
399,Licencia_0399,MAQ_0066,2023-07-24 00:00:00,2024-01-28 00:00:00
400,Licencia_0400,MAQ_0075,2020-06-14 00:00:00,2020-09-26 00:00:00
401,Licencia_0401,MAQ_0038,2024-10-25 00:00:00,2020-08-16 00:00:00
402,Licencia_0402,MAQ_0063,2020-11-13 00:00:00,2022-08-06 00:00:00
403,Licencia_0403,MAQ_0066,2021-04-18 00:00:00,2020-02-28 00:00:00
404,Licencia_0404,MAQ_0060,2022-04-12 00:00:00,2024-08-05 00:00:00
405,Licencia_0405,MAQ_0021,2023-11-29 00:00:00,2024-10-29 00:00:00
406,Licencia_0406,MAQ_0036,2023-07-21 00:00:00,2023-01-18 00:00:00
407,Licencia_0407,MAQ_0035,2021-12-13 00:00:00,2022-08-15 00:00:00
408,Licencia_0408,MAQ_0021,2022-04-16 00:00:00,2024-05-10 00:00:00
409,Licencia_0409,MAQ_0042,2023-02-09 00:00:00,2024-08-05 00:00:00
410,Licencia_0410,MAQ_0089,2023-11-09 00:00:00,2022-11-02 00:00:00
411,Licencia_0411,MAQ_0013,2020-01-21 00:00:00,2021-05-04 00:00:00
412,Licencia_0412,MAQ_0034,2024-05-05 00:00:00,2022-03-23 00:00:00
413,Licencia_0413,MAQ_0067,2024-01-25 00:00:00,2020-12-16 00:00:00
414,Licencia_0414,MAQ_0046,2024-04-12 00:00:00,2021-12-04 00:00:00
415,Licencia_0415,MAQ_0074,2020-04-09 00:00:00,2021-12-16 00:00:00
416,Licencia_0416,MAQ_0046,2024-04-22 00:00:00,2021-01-08 00:00:00
417,Licencia_0417,MAQ_0044,2023-11-30 00:00:00,2024-08-02 00:00:00
418,Licencia_0418,MAQ_0064,2020-11-17 00:00:00,2020-06-19 00:00:00
419,Licencia_0419,MAQ_0037,2023-11-26 00:00:00,2022-03-14 00:00:00
420,Licencia_0420,MAQ_0012,2024-01-23 00:00:00,2020-01-25 00:00:00
421,Licencia_0421,MAQ_0060,2024-09-09 00:00:00,2021-10-08 00:00:00
422,Licencia_0422,MAQ_0079,2020-04-02 00:00:00,2024-05-18 00:00:00
423,Licencia_0423,MAQ_0016,2023-04-30 00:00:00,2022-10-13 00:00:00
424,Licencia_0424,MAQ_0078,2021-08-10 00:00:00,2024-04-15 00:00:00
425,Licencia_0425,MAQ_0057,2023-06-19 00:00:00,2024-02-19 00:00:00
426,Licencia_0426,MAQ_0074,2021-06-17 00:00:00,2020-02-14 00:00:00
427,Licencia_0427,MAQ_0099,2020-07-08 00:00:00,2022-11-24 00:00:00
428,Licencia_0428,MAQ_0078,2024-01-31 00:00:00,2024-09-04 00:00:00
429,Licencia_0429,MAQ_0089,2020-03-10 00:00:00,2023-04-29 00:00:00
430,Licencia_0430,MAQ_0063,2022-07-07 00:00:00,2020-04-13 00:00:00
431,Licencia_0431,MAQ_0054,2021-10-30 00:00:00,2020-01-01 00:00:00
432,Licencia_0432,MAQ_0036,2022-08-10 00:00:00,2020-02-10 00:00:00
433,Licencia_0433,MAQ_0030,2020-03-12 00:00:00,2021-08-25 00:00:00
434,Licencia_0434,MAQ_0007,2021-11-02 00:00:00,2021-04-18 00:00:00
435,Licencia_0435,MAQ_0023,2023-08-06 00:00:00,2022-04-29 00:00:00
436,Licencia_0436,MAQ_0008,2024-01-22 00:00:00,2022-09-10 00:00:00
437,Licencia_0437,MAQ_0001,2024-11-16 00:00:00,2020-08-20 00:00:00
438,Licencia_0438,MAQ_0015,2021-06-23 00:00:00,2023-03-02 00:00:00
439,Licencia_0439,MAQ_0025,2022-08-16 00:00:00,2022-10-06 00:00:00
440,Licencia_0440,MAQ_0094,2021-03-02 00:00:00,2024-02-05 00:00:00
441,Licencia_0441,MAQ_0044,2023-06-24 00:00:00,2023-01-04 00:00:00
442,Licencia_0442,MAQ_0011,2023-10-23 00:00:00,2024-04-14 00:00:00
443,Licencia_0443,MAQ_0097,2022-12-06 00:00:00,2023-08-25 00:00:00
444,Licencia_0444,MAQ_0040,2020-04-12 00:00:00,2023-09-25 00:00:00
445,Licencia_0445,MAQ_0058,2021-11-04 00:00:00,2022-03-05 00:00:00
446,Licencia_0446,MAQ_0029,2024-02-06 00:00:00,2020-04-02 00:00:00
447,Licencia_0447,MAQ_0026,2024-05-08 00:00:00,2022-12-25 00:00:00
448,Licencia_0448,MAQ_0079,2024-02-26 00:00:00,2023-04-09 00:00:00
449,Licencia_0449,MAQ_0003,2024-05-26 00:00:00,2024-04-21 00:00:00
450,Licencia_0450,MAQ_0090,2021-04-28 00:00:00,2023-03-21 00:00:00
451,Licencia_0451,MAQ_0044,2021-07-22 00:00:00,2022-08-25 00:00:00
452,Licencia_0452,MAQ_0058,2024-04-01 00:00:00,2022-07-07 00:00:00
453,Licencia_0453,MAQ_0063,2024-05-18 00:00:00,2023-06-10 00:00:00
454,Licencia_0454,MAQ_0032,2023-04-12 00:00:00,2022-10-02 00:00:00
455,Licencia_0455,MAQ_0003,2023-02-08 00:00:00,2024-12-15 00:00:00
456,Licencia_0456,MAQ_0056,2022-10-26 00:00:00,2022-01-27 00:00:00
457,Licencia_0457,MAQ_0087,2023-09-03 00:00:00,2024-04-19 00:00:00
458,Licencia_0458,MAQ_0001,2024-09-30 00:00:00,2020-03-15 00:00:00
459,Licencia_0459,MAQ_0037,2024-05-23 00:00:00,2021-03-23 00:00:00
460,Licencia_0460,MAQ_0081,2021-03-04 00:00:00,2024-05-02 00:00:00
461,Licencia_0461,MAQ_0029,2023-10-01 00:00:00,2022-01-31 00:00:00
462,Licencia_0462,MAQ_0037,2024-07-22 00:00:00,2020-10-26 00:00:00
463,Licencia_0463,MAQ_0059,2021-03-16 00:00:00,2023-05-22 00:00:00
464,Licencia_0464,MAQ_0003,2021-05-27 00:00:00,2024-08-24 00:00:00
465,Licencia_0465,MAQ_0013,2024-02-17 00:00:00,2023-12-15 00:00:00
466,Licencia_0466,MAQ_0077,2022-01-13 00:00:00,2021-08-12 00:00:00
467,Licencia_0467,MAQ_0067,2022-08-27 00:00:00,2022-09-28 00:00:00
468,Licencia_0468,MAQ_0041,2024-12-05 00:00:00,2021-07-19 00:00:00
469,Licencia_0469,MAQ_0096,2023-11-23 00:00:00,2023-10-08 00:00:00
470,Licencia_0470,MAQ_0054,2020-12-11 00:00:00,2020-10-05 00:00:00
471,Licencia_0471,MAQ_0035,2021-08-17 00:00:00,2021-01-23 00:00:00
472,Licencia_0472,MAQ_0065,2021-11-29 00:00:00,2024-02-11 00:00:00
473,Licencia_0473,MAQ_0017,2020-10-22 00:00:00,2021-12-10 00:00:00
474,Licencia_0474,MAQ_0047,2020-07-06 00:00:00,2025-01-01 00:00:00
475,Licencia_0475,MAQ_0070,2023-10-25 00:00:00,2022-03-13 00:00:00
476,Licencia_0476,MAQ_0043,2020-09-15 00:00:00,2023-08-09 00:00:00
477,Licencia_0477,MAQ_0048,2022-04-09 00:00:00,2023-05-03 00:00:00
478,Licencia_0478,MAQ_0073,2021-02-08 00:00:00,2021-04-11 00:00:00
479,Licencia_0479,MAQ_0020,2020-03-02 00:00:00,2022-02-18 00:00:00
480,Licencia_0480,MAQ_0050,2021-12-01 00:00:00,2024-09-06 00:00:00
481,Licencia_0481,MAQ_0043,2023-11-03 00:00:00,2024-10-10 00:00:00
482,Licencia_0482,MAQ_0011,2022-09-13 00:00:00,2021-09-27 00:00:00
483,Licencia_0483,MAQ_0091,2022-01-08 00:00:00,2024-04-17 00:00:00
484,Licencia_0484,MAQ_0038,2020-05-07 00:00:00,2022-07-04 00:00:00
485,Licencia_0485,MAQ_0010,2024-01-08 00:00:00,2022-03-14 00:00:00
486,Licencia_0486,MAQ_0049,2022-11-29 00:00:00,2023-10-15 00:00:00
487,Licencia_0487,MAQ_0062,2022-02-08 00:00:00,2024-01-11 00:00:00
488,Licencia_0488,MAQ_0007,2024-09-24 00:00:00,2023-01-08 00:00:00
489,Licencia_0489,MAQ_0005,2020-01-13 00:00:00,2024-10-22 00:00:00
490,Licencia_0490,MAQ_0082,2022-03-31 00:00:00,2023-03-11 00:00:00
491,Licencia_0491,MAQ_0036,2021-03-07 00:00:00,2022-05-10 00:00:00
492,Licencia_0492,MAQ_0081,2022-05-23 00:00:00,2020-09-01 00:00:00
493,Licencia_0493,MAQ_0083,2024-04-25 00:00:00,2024-07-07 00:00:00
494,Licencia_0494,MAQ_0066,2021-06-13 00:00:00,2021-06-16 00:00:00
495,Licencia_0495,MAQ_0036,2024-09-16 00:00:00,2020-12-30 00:00:00
496,Licencia_0496,MAQ_0003,2020-01-23 00:00:00,2020-03-20 00:00:00
497,Licencia_0497,MAQ_0026,2022-09-14 00:00:00,2024-08-24 00:00:00
498,Licencia_0498,MAQ_0011,2020-07-20 00:00:00,2020-06-16 00:00:00
499,Licencia_0499,MAQ_0027,2023-01-11 00:00:00,2020-12-30 00:00:00
500,Licencia_0500,MAQ_0087,2020-01-05 00:00:00,2023-11-02 00:00:00
501,Licencia_0501,MAQ_0092,2021-06-18 00:00:00,2021-05-22 00:00:00
502,Licencia_0502,MAQ_0007,2023-01-21 00:00:00,2022-11-30 00:00:00
503,Licencia_0503,MAQ_0095,2023-04-24 00:00:00,2022-08-22 00:00:00
504,Licencia_0504,MAQ_0098,2024-08-14 00:00:00,2021-11-24 00:00:00
505,Licencia_0505,MAQ_0071,2024-08-30 00:00:00,2020-01-07 00:00:00
506,Licencia_0506,MAQ_0007,2023-03-23 00:00:00,2022-10-14 00:00:00
507,Licencia_0507,MAQ_0077,2023-11-09 00:00:00,2021-01-21 00:00:00
508,Licencia_0508,MAQ_0092,2021-04-07 00:00:00,2020-12-20 00:00:00
509,Licencia_0509,MAQ_0051,2023-03-17 00:00:00,2023-04-22 00:00:00
510,Licencia_0510,MAQ_0006,2022-12-04 00:00:00,2023-08-20 00:00:00
511,Licencia_0511,MAQ_0062,2021-01-29 00:00:00,2024-03-07 00:00:00
512,Licencia_0512,MAQ_0066,2021-06-19 00:00:00,2021-10-02 00:00:00
513,Licencia_0513,MAQ_0035,2020-11-09 00:00:00,2023-04-06 00:00:00
514,Licencia_0514,MAQ_0007,2021-05-31 00:00:00,2024-08-28 00:00:00
515,Licencia_0515,MAQ_0048,2024-11-28 00:00:00,2023-11-01 00:00:00
516,Licencia_0516,MAQ_0068,2020-01-31 00:00:00,2023-11-03 00:00:00
517,Licencia_0517,MAQ_0031,2021-10-28 00:00:00,2021-01-13 00:00:00
518,Licencia_0518,MAQ_0094,2021-09-22 00:00:00,2024-11-03 00:00:00
519,Licencia_0519,MAQ_0077,2021-06-21 00:00:00,2021-05-19 00:00:00
520,Licencia_0520,MAQ_0009,2023-01-25 00:00:00,2021-04-11 00:00:00
521,Licencia_0521,MAQ_0008,2020-02-08 00:00:00,2021-04-26 00:00:00
522,Licencia_0522,MAQ_0035,2023-06-19 00:00:00,2021-09-04 00:00:00
523,Licencia_0523,MAQ_0049,2021-03-06 00:00:00,2020-01-27 00:00:00
524,Licencia_0524,MAQ_0056,2022-05-28 00:00:00,2024-10-03 00:00:00
525,Licencia_0525,MAQ_0015,2022-09-12 00:00:00,2024-10-20 00:00:00
526,Licencia_0526,MAQ_0003,2023-11-19 00:00:00,2022-12-26 00:00:00
527,Licencia_0527,MAQ_0024,2024-08-23 00:00:00,2023-06-25 00:00:00
528,Licencia_0528,MAQ_0056,2024-06-10 00:00:00,2020-12-27 00:00:00
529,Licencia_0529,MAQ_0072,2024-01-03 00:00:00,2021-04-24 00:00:00
530,Licencia_0530,MAQ_0015,2022-01-09 00:00:00,2022-06-11 00:00:00
531,Licencia_0531,MAQ_0029,2020-09-04 00:00:00,2021-11-12 00:00:00
532,Licencia_0532,MAQ_0012,2024-11-12 00:00:00,2020-08-29 00:00:00
533,Licencia_0533,MAQ_0094,2022-08-24 00:00:00,2022-11-21 00:00:00
534,Licencia_0534,MAQ_0003,2023-01-03 00:00:00,2020-08-26 00:00:00
535,Licencia_0535,MAQ_0039,2021-06-24 00:00:00,2020-02-29 00:00:00
536,Licencia_0536,MAQ_0067,2022-05-29 00:00:00,2020-02-09 00:00:00
537,Licencia_0537,MAQ_0078,2021-02-01 00:00:00,2024-12-13 00:00:00
538,Licencia_0538,MAQ_0046,2021-03-12 00:00:00,2021-05-09 00:00:00
539,Licencia_0539,MAQ_0095,2024-09-06 00:00:00,2020-11-24 00:00:00
540,Licencia_0540,MAQ_0005,2022-07-31 00:00:00,2022-04-22 00:00:00
541,Licencia_0541,MAQ_0098,2024-10-04 00:00:00,2022-03-29 00:00:00
542,Licencia_0542,MAQ_0075,2021-03-28 00:00:00,2023-01-11 00:00:00
543,Licencia_0543,MAQ_0027,2020-05-10 00:00:00,2024-11-21 00:00:00
544,Licencia_0544,MAQ_0010,2020-08-09 00:00:00,2023-08-21 00:00:00
545,Licencia_0545,MAQ_0012,2024-11-04 00:00:00,2024-11-05 00:00:00
546,Licencia_0546,MAQ_0019,2021-09-28 00:00:00,2024-07-18 00:00:00
547,Licencia_0547,MAQ_0013,2023-06-19 00:00:00,2023-05-26 00:00:00
548,Licencia_0548,MAQ_0034,2023-02-09 00:00:00,2022-04-22 00:00:00
549,Licencia_0549,MAQ_0035,2021-08-26 00:00:00,2023-05-14 00:00:00
550,Licencia_0550,MAQ_0060,2023-12-07 00:00:00,2024-01-30 00:00:00
551,Licencia_0551,MAQ_0030,2021-08-19 00:00:00,2020-07-25 00:00:00
552,Licencia_0552,MAQ_0002,2021-10-22 00:00:00,2023-04-27 00:00:00
553,Licencia_0553,MAQ_0081,2023-08-16 00:00:00,2023-04-24 00:00:00
554,Licencia_0554,MAQ_0077,2024-02-03 00:00:00,2020-03-15 00:00:00
555,Licencia_0555,MAQ_0072,2020-10-15 00:00:00,2021-06-23 00:00:00
556,Licencia_0556,MAQ_0093,2022-08-19 00:00:00,2021-03-30 00:00:00
557,Licencia_0557,MAQ_0046,2022-03-19 00:00:00,2020-04-05 00:00:00
558,Licencia_0558,MAQ_0018,2021-04-13 00:00:00,2023-06-12 00:00:00
559,Licencia_0559,MAQ_0044,2024-11-30 00:00:00,2021-04-28 00:00:00
560,Licencia_0560,MAQ_0060,2023-10-06 00:00:00,2022-05-25 00:00:00
561,Licencia_0561,MAQ_0009,2024-01-09 00:00:00,2021-10-25 00:00:00
562,Licencia_0562,MAQ_0012,2024-03-25 00:00:00,2024-03-16 00:00:00
563,Licencia_0563,MAQ_0038,2021-06-06 00:00:00,2020-03-07 00:00:00
564,Licencia_0564,MAQ_0065,2023-07-08 00:00:00,2024-08-04 00:00:00
565,Licencia_0565,MAQ_0006,2024-04-09 00:00:00,2023-09-30 00:00:00
566,Licencia_0566,MAQ_0024,2023-02-05 00:00:00,2022-06-17 00:00:00
567,Licencia_0567,MAQ_0025,2020-11-07 00:00:00,2021-10-12 00:00:00
568,Licencia_0568,MAQ_0021,2024-01-15 00:00:00,2023-08-26 00:00:00
569,Licencia_0569,MAQ_0040,2021-06-22 00:00:00,2022-01-17 00:00:00
570,Licencia_0570,MAQ_0013,2020-10-06 00:00:00,2020-07-13 00:00:00
571,Licencia_0571,MAQ_0065,2020-11-16 00:00:00,2022-05-09 00:00:00
572,Licencia_0572,MAQ_0060,2022-06-16 00:00:00,2021-01-30 00:00:00
573,Licencia_0573,MAQ_0083,2024-12-10 00:00:00,2021-02-19 00:00:00
574,Licencia_0574,MAQ_0036,2020-03-10 00:00:00,2020-07-07 00:00:00
575,Licencia_0575,MAQ_0056,2022-11-05 00:00:00,2024-03-12 00:00:00
576,Licencia_0576,MAQ_0049,2023-06-24 00:00:00,2024-12-22 00:00:00
577,Licencia_0577,MAQ_0077,2021-07-04 00:00:00,2024-06-22 00:00:00
578,Licencia_0578,MAQ_0049,2020-01-15 00:00:00,2020-06-15 00:00:00
579,Licencia_0579,MAQ_0004,2020-10-08 00:00:00,2021-11-20 00:00:00
580,Licencia_0580,MAQ_0096,2023-09-12 00:00:00,2021-09-06 00:00:00
581,Licencia_0581,MAQ_0095,2021-08-17 00:00:00,2024-12-28 00:00:00
582,Licencia_0582,MAQ_0089,2024-08-03 00:00:00,2020-02-19 00:00:00
583,Licencia_0583,MAQ_0016,2022-04-02 00:00:00,2022-12-14 00:00:00
584,Licencia_0584,MAQ_0084,2023-06-17 00:00:00,2024-08-24 00:00:00
585,Licencia_0585,MAQ_0060,2021-08-31 00:00:00,2023-05-30 00:00:00
586,Licencia_0586,MAQ_0018,2023-11-15 00:00:00,2022-02-12 00:00:00
587,Licencia_0587,MAQ_0064,2020-04-18 00:00:00,2021-12-04 00:00:00
588,Licencia_0588,MAQ_0072,2024-10-13 00:00:00,2023-06-12 00:00:00
589,Licencia_0589,MAQ_0060,2022-08-08 00:00:00,2022-08-25 00:00:00
590,Licencia_0590,MAQ_0013,2022-04-29 00:00:00,2022-02-24 00:00:00
591,Licencia_0591,MAQ_0077,2022-05-18 00:00:00,2023-09-27 00:00:00
592,Licencia_0592,MAQ_0054,2021-05-12 00:00:00,2022-06-10 00:00:00
593,Licencia_0593,MAQ_0045,2020-08-25 00:00:00,2021-08-15 00:00:00
594,Licencia_0594,MAQ_0091,2022-09-04 00:00:00,2020-05-18 00:00:00
595,Licencia_0595,MAQ_0091,2022-09-17 00:00:00,2023-04-26 00:00:00
596,Licencia_0596,MAQ_0015,2022-10-01 00:00:00,2024-04-04 00:00:00
597,Licencia_0597,MAQ_0049,2021-11-13 00:00:00,2021-01-28 00:00:00
598,Licencia_0598,MAQ_0096,2023-05-16 00:00:00,2020-02-22 00:00:00
599,Licencia_0599,MAQ_0098,2023-01-02 00:00:00,2021-11-14 00:00:00
600,Licencia_0600,MAQ_0048,2022-07-05 00:00:00,2021-05-28 00:00:00
601,Licencia_0601,MAQ_0091,2024-12-06 00:00:00,2023-08-21 00:00:00
602,Licencia_0602,MAQ_0090,2020-06-30 00:00:00,2024-12-04 00:00:00
603,Licencia_0603,MAQ_0070,2022-09-04 00:00:00,2024-10-26 00:00:00
604,Licencia_0604,MAQ_0049,2022-01-26 00:00:00,2020-09-05 00:00:00
605,Licencia_0605,MAQ_0065,2020-03-16 00:00:00,2021-04-18 00:00:00
606,Licencia_0606,MAQ_0035,2020-01-16 00:00:00,2024-11-16 00:00:00
607,Licencia_0607,MAQ_0084,2022-02-20 00:00:00,2022-02-17 00:00:00
608,Licencia_0608,MAQ_0009,2023-11-23 00:00:00,2021-03-06 00:00:00
609,Licencia_0609,MAQ_0076,2021-09-08 00:00:00,2020-09-21 00:00:00
610,Licencia_0610,MAQ_0057,2020-03-19 00:00:00,2024-02-05 00:00:00
611,Licencia_0611,MAQ_0081,2022-06-26 00:00:00,2022-11-17 00:00:00
612,Licencia_0612,MAQ_0089,2023-12-31 00:00:00,2020-04-25 00:00:00
613,Licencia_0613,MAQ_0051,2022-07-12 00:00:00,2021-06-30 00:00:00
614,Licencia_0614,MAQ_0051,2020-11-29 00:00:00,2024-10-13 00:00:00
615,Licencia_0615,MAQ_0035,2021-08-05 00:00:00,2022-09-17 00:00:00
616,Licencia_0616,MAQ_0031,2021-01-26 00:00:00,2021-01-24 00:00:00
617,Licencia_0617,MAQ_0016,2023-08-16 00:00:00,2022-05-21 00:00:00
618,Licencia_0618,MAQ_0027,2023-06-27 00:00:00,2024-09-12 00:00:00
619,Licencia_0619,MAQ_0017,2022-12-30 00:00:00,2020-05-07 00:00:00
620,Licencia_0620,MAQ_0081,2021-09-10 00:00:00,2020-05-25 00:00:00
621,Licencia_0621,MAQ_0013,2021-05-08 00:00:00,2022-07-27 00:00:00
622,Licencia_0622,MAQ_0076,2021-08-12 00:00:00,2022-09-28 00:00:00
623,Licencia_0623,MAQ_0029,2021-09-30 00:00:00,2021-03-17 00:00:00
624,Licencia_0624,MAQ_0088,2023-10-08 00:00:00,2022-01-15 00:00:00
625,Licencia_0625,MAQ_0085,2020-10-02 00:00:00,2023-06-12 00:00:00
626,Licencia_0626,MAQ_0079,2020-03-01 00:00:00,2022-08-31 00:00:00
627,Licencia_0627,MAQ_0095,2023-02-12 00:00:00,2021-07-08 00:00:00
628,Licencia_0628,MAQ_0041,2021-11-22 00:00:00,2021-01-16 00:00:00
629,Licencia_0629,MAQ_0010,2021-03-31 00:00:00,2020-10-15 00:00:00
630,Licencia_0630,MAQ_0026,2022-02-02 00:00:00,2020-06-28 00:00:00
631,Licencia_0631,MAQ_0097,2023-02-02 00:00:00,2020-10-29 00:00:00
632,Licencia_0632,MAQ_0036,2020-07-25 00:00:00,2024-09-09 00:00:00
633,Licencia_0633,MAQ_0061,2023-01-14 00:00:00,2021-05-18 00:00:00
634,Licencia_0634,MAQ_0010,2022-08-21 00:00:00,2023-01-11 00:00:00
635,Licencia_0635,MAQ_0077,2022-11-03 00:00:00,2025-01-01 00:00:00
636,Licencia_0636,MAQ_0025,2020-09-17 00:00:00,2020-09-04 00:00:00
637,Licencia_0637,MAQ_0011,2023-01-08 00:00:00,2020-01-05 00:00:00
638,Licencia_0638,MAQ_0016,2020-05-09 00:00:00,2021-08-18 00:00:00
639,Licencia_0639,MAQ_0052,2024-06-16 00:00:00,2023-08-18 00:00:00
640,Licencia_0640,MAQ_0068,2020-02-09 00:00:00,2023-11-19 00:00:00
641,Licencia_0641,MAQ_0021,2022-02-27 00:00:00,2022-07-13 00:00:00
642,Licencia_0642,MAQ_0087,2023-07-08 00:00:00,2022-10-26 00:00:00
643,Licencia_0643,MAQ_0040,2022-08-09 00:00:00,2022-10-10 00:00:00
644,Licencia_0644,MAQ_0087,2020-12-02 00:00:00,2023-10-25 00:00:00
645,Licencia_0645,MAQ_0048,2022-11-30 00:00:00,2024-10-25 00:00:00
646,Licencia_0646,MAQ_0033,2023-10-27 00:00:00,2022-07-21 00:00:00
647,Licencia_0647,MAQ_0057,2020-04-01 00:00:00,2024-07-10 00:00:00
648,Licencia_0648,MAQ_0078,2021-01-29 00:00:00,2024-02-13 00:00:00
649,Licencia_0649,MAQ_0086,2023-03-13 00:00:00,2020-12-28 00:00:00
650,Licencia_0650,MAQ_0098,2021-09-03 00:00:00,2024-08-06 00:00:00
651,Licencia_0651,MAQ_0094,2022-06-17 00:00:00,2020-09-11 00:00:00
652,Licencia_0652,MAQ_0087,2023-05-10 00:00:00,2021-01-10 00:00:00
653,Licencia_0653,MAQ_0085,2024-12-16 00:00:00,2024-04-20 00:00:00
654,Licencia_0654,MAQ_0024,2021-05-08 00:00:00,2024-12-23 00:00:00
655,Licencia_0655,MAQ_0100,2022-09-25 00:00:00,2024-05-28 00:00:00
656,Licencia_0656,MAQ_0097,2023-06-15 00:00:00,2024-08-21 00:00:00
657,Licencia_0657,MAQ_0052,2024-01-25 00:00:00,2022-05-12 00:00:00
658,Licencia_0658,MAQ_0074,2020-12-02 00:00:00,2024-07-12 00:00:00
659,Licencia_0659,MAQ_0013,2024-02-13 00:00:00,2021-11-16 00:00:00
660,Licencia_0660,MAQ_0067,2023-04-10 00:00:00,2022-11-04 00:00:00
661,Licencia_0661,MAQ_0098,2024-08-23 00:00:00,2021-08-08 00:00:00
662,Licencia_0662,MAQ_0077,2021-06-21 00:00:00,2020-09-25 00:00:00
663,Licencia_0663,MAQ_0076,2022-11-30 00:00:00,2020-06-05 00:00:00
664,Licencia_0664,MAQ_0025,2024-01-01 00:00:00,2022-01-12 00:00:00
665,Licencia_0665,MAQ_0042,2021-06-12 00:00:00,2022-07-24 00:00:00
666,Licencia_0666,MAQ_0020,2023-03-28 00:00:00,2021-04-25 00:00:00
667,Licencia_0667,MAQ_0012,2020-09-03 00:00:00,2022-05-02 00:00:00
668,Licencia_0668,MAQ_0079,2023-02-28 00:00:00,2022-09-03 00:00:00
669,Licencia_0669,MAQ_0050,2021-12-30 00:00:00,2021-09-04 00:00:00
670,Licencia_0670,MAQ_0074,2023-05-17 00:00:00,2023-09-19 00:00:00
671,Licencia_0671,MAQ_0034,2021-03-14 00:00:00,2021-09-24 00:00:00
672,Licencia_0672,MAQ_0093,2020-10-19 00:00:00,2021-03-11 00:00:00
673,Licencia_0673,MAQ_0027,2021-06-04 00:00:00,2022-06-26 00:00:00
674,Licencia_0674,MAQ_0058,2023-02-03 00:00:00,2023-08-19 00:00:00
675,Licencia_0675,MAQ_0066,2022-12-18 00:00:00,2021-12-02 00:00:00
676,Licencia_0676,MAQ_0039,2023-02-01 00:00:00,2022-03-04 00:00:00
677,Licencia_0677,MAQ_0075,2024-05-01 00:00:00,2023-04-21 00:00:00
678,Licencia_0678,MAQ_0067,2023-09-08 00:00:00,2021-10-17 00:00:00
679,Licencia_0679,MAQ_0043,2023-02-12 00:00:00,2023-07-28 00:00:00
680,Licencia_0680,MAQ_0032,2022-04-26 00:00:00,2023-09-26 00:00:00
681,Licencia_0681,MAQ_0066,2022-11-02 00:00:00,2022-05-05 00:00:00
682,Licencia_0682,MAQ_0022,2021-08-21 00:00:00,2022-12-30 00:00:00
683,Licencia_0683,MAQ_0025,2020-06-22 00:00:00,2020-10-29 00:00:00
684,Licencia_0684,MAQ_0044,2024-01-16 00:00:00,2021-01-23 00:00:00
685,Licencia_0685,MAQ_0060,2021-09-13 00:00:00,2022-02-01 00:00:00
686,Licencia_0686,MAQ_0012,2024-03-22 00:00:00,2023-03-19 00:00:00
687,Licencia_0687,MAQ_0077,2022-06-09 00:00:00,2022-03-06 00:00:00
688,Licencia_0688,MAQ_0065,2022-05-12 00:00:00,2023-07-28 00:00:00
689,Licencia_0689,MAQ_0030,2021-02-05 00:00:00,2023-05-16 00:00:00
690,Licencia_0690,MAQ_0043,2023-11-07 00:00:00,2024-03-07 00:00:00
691,Licencia_0691,MAQ_0002,2024-04-30 00:00:00,2022-04-10 00:00:00
692,Licencia_0692,MAQ_0096,2021-10-01 00:00:00,2020-08-20 00:00:00
693,Licencia_0693,MAQ_0081,2021-08-06 00:00:00,2021-04-25 00:00:00
694,Licencia_0694,MAQ_0026,2021-01-19 00:00:00,2023-05-03 00:00:00
695,Licencia_0695,MAQ_0075,2022-06-10 00:00:00,2024-10-17 00:00:00
696,Licencia_0696,MAQ_0027,2023-10-12 00:00:00,2024-10-30 00:00:00
697,Licencia_0697,MAQ_0095,2024-11-05 00:00:00,2022-10-25 00:00:00
698,Licencia_0698,MAQ_0100,2022-07-03 00:00:00,2023-11-27 00:00:00
699,Licencia_0699,MAQ_0096,2022-03-18 00:00:00,2021-05-27 00:00:00
700,Licencia_0700,MAQ_0034,2020-10-09 00:00:00,2024-09-10 00:00:00
