id,unidades,fk_producto,created_at,updated_at
1,701,154,2022-04-12 00:00:00,2021-09-07 00:00:00
2,768,553,2020-08-26 00:00:00,2020-02-15 00:00:00
3,868,332,2023-10-10 00:00:00,2021-02-18 00:00:00
4,564,409,2024-10-25 00:00:00,2022-08-02 00:00:00
5,571,680,2020-10-12 00:00:00,2023-03-04 00:00:00
6,1373,133,2021-10-21 00:00:00,2024-04-20 00:00:00
7,848,102,2022-12-13 00:00:00,2022-01-02 00:00:00
8,1108,251,2024-12-11 00:00:00,2021-06-07 00:00:00
9,1199,320,2023-03-15 00:00:00,2021-07-15 00:00:00
10,1406,685,2020-10-23 00:00:00,2021-10-11 00:00:00
11,1406,417,2022-08-08 00:00:00,2022-12-09 00:00:00
12,1439,66,2020-12-30 00:00:00,2023-04-29 00:00:00
13,1444,318,2020-04-05 00:00:00,2022-01-06 00:00:00
14,1053,633,2020-08-01 00:00:00,2021-12-17 00:00:00
15,861,356,2022-01-14 00:00:00,2022-05-29 00:00:00
16,1403,144,2022-08-06 00:00:00,2021-01-04 00:00:00
17,820,3,2022-04-16 00:00:00,2021-05-03 00:00:00
18,595,483,2024-08-07 00:00:00,2022-05-23 00:00:00
19,1357,685,2021-10-19 00:00:00,2021-07-23 00:00:00
20,635,577,2024-09-17 00:00:00,2024-04-02 00:00:00
21,951,245,2024-07-21 00:00:00,2022-06-08 00:00:00
22,571,387,2020-03-12 00:00:00,2024-06-30 00:00:00
23,1086,328,2024-04-02 00:00:00,2020-02-27 00:00:00
24,1209,39,2024-03-06 00:00:00,2023-09-05 00:00:00
25,1315,337,2021-01-23 00:00:00,2020-12-04 00:00:00
26,1184,30,2021-11-04 00:00:00,2021-12-24 00:00:00
27,1465,464,2022-10-11 00:00:00,2022-05-02 00:00:00
28,642,525,2023-05-18 00:00:00,2020-11-02 00:00:00
29,522,122,2023-05-21 00:00:00,2023-02-24 00:00:00
30,1386,187,2022-05-26 00:00:00,2020-10-09 00:00:00
31,1143,75,2022-12-21 00:00:00,2023-08-11 00:00:00
32,799,590,2023-01-16 00:00:00,2024-01-25 00:00:00
33,1102,244,2020-04-11 00:00:00,2022-02-09 00:00:00
34,1187,149,2021-10-03 00:00:00,2023-10-07 00:00:00
35,582,355,2020-12-17 00:00:00,2024-12-24 00:00:00
36,884,356,2021-03-05 00:00:00,2023-02-17 00:00:00
37,962,262,2024-04-10 00:00:00,2024-07-27 00:00:00
38,1197,160,2021-10-11 00:00:00,2023-05-16 00:00:00
39,1358,296,2024-07-19 00:00:00,2021-12-30 00:00:00
40,1325,145,2020-04-25 00:00:00,2021-10-31 00:00:00
41,1231,657,2024-11-16 00:00:00,2020-04-05 00:00:00
42,1278,555,2022-07-03 00:00:00,2024-04-20 00:00:00
43,977,409,2020-03-19 00:00:00,2022-08-06 00:00:00
44,521,405,2022-09-30 00:00:00,2023-04-15 00:00:00
45,1077,679,2021-11-25 00:00:00,2022-04-26 00:00:00
46,788,542,2023-03-16 00:00:00,2021-05-26 00:00:00
47,1041,111,2024-07-09 00:00:00,2023-07-21 00:00:00
48,1236,422,2022-04-07 00:00:00,2021-07-16 00:00:00
49,896,269,2022-08-10 00:00:00,2021-10-18 00:00:00
50,759,246,2021-02-12 00:00:00,2020-10-23 00:00:00
51,695,640,2023-05-23 00:00:00,2022-10-08 00:00:00
52,538,458,2021-10-31 00:00:00,2024-04-30 00:00:00
53,545,211,2024-05-27 00:00:00,2022-07-30 00:00:00
54,678,32,2023-07-27 00:00:00,2021-12-27 00:00:00
55,1455,423,2023-01-09 00:00:00,2020-08-23 00:00:00
56,556,156,2022-08-27 00:00:00,2024-11-13 00:00:00
57,1425,33,2021-10-03 00:00:00,2022-06-21 00:00:00
58,732,450,2022-09-05 00:00:00,2020-04-09 00:00:00
59,869,462,2020-01-29 00:00:00,2022-07-26 00:00:00
60,545,559,2022-06-05 00:00:00,2020-01-23 00:00:00
61,1318,273,2023-03-09 00:00:00,2022-09-01 00:00:00
62,1343,326,2020-01-25 00:00:00,2020-11-06 00:00:00
63,653,330,2021-11-01 00:00:00,2024-06-18 00:00:00
64,606,478,2024-09-19 00:00:00,2020-09-25 00:00:00
65,528,75,2024-09-29 00:00:00,2020-03-20 00:00:00
66,1385,599,2020-04-04 00:00:00,2024-07-11 00:00:00
67,1212,493,2020-09-15 00:00:00,2020-10-23 00:00:00
68,1223,180,2023-06-06 00:00:00,2020-04-09 00:00:00
69,1109,238,2024-06-16 00:00:00,2021-03-04 00:00:00
70,1116,34,2020-04-01 00:00:00,2022-01-23 00:00:00
71,1173,195,2024-08-28 00:00:00,2021-07-31 00:00:00
72,971,673,2023-08-27 00:00:00,2020-06-22 00:00:00
73,1224,333,2024-07-24 00:00:00,2020-08-30 00:00:00
74,1289,487,2021-11-10 00:00:00,2021-11-24 00:00:00
75,1109,639,2021-02-25 00:00:00,2024-12-21 00:00:00
76,559,41,2023-02-12 00:00:00,2020-11-18 00:00:00
77,1385,635,2021-08-24 00:00:00,2023-04-27 00:00:00
78,1297,172,2022-06-04 00:00:00,2024-02-24 00:00:00
79,1100,120,2024-01-14 00:00:00,2022-11-21 00:00:00
80,642,639,2023-07-07 00:00:00,2023-12-29 00:00:00
81,1475,136,2022-11-03 00:00:00,2024-01-01 00:00:00
82,1487,264,2021-11-19 00:00:00,2024-03-28 00:00:00
83,675,151,2023-04-01 00:00:00,2020-05-10 00:00:00
84,603,649,2020-05-16 00:00:00,2021-08-12 00:00:00
85,1247,263,2024-04-25 00:00:00,2023-08-24 00:00:00
86,958,6,2021-02-07 00:00:00,2020-02-10 00:00:00
87,731,364,2022-06-08 00:00:00,2023-03-27 00:00:00
88,696,402,2020-04-01 00:00:00,2020-06-03 00:00:00
89,1319,455,2022-07-26 00:00:00,2023-09-24 00:00:00
90,1106,469,2020-11-09 00:00:00,2022-07-09 00:00:00
91,507,416,2021-12-29 00:00:00,2022-07-16 00:00:00
92,1191,225,2023-06-09 00:00:00,2024-11-09 00:00:00
93,1142,120,2022-01-15 00:00:00,2022-11-19 00:00:00
94,874,212,2023-08-09 00:00:00,2021-11-13 00:00:00
95,844,189,2024-12-17 00:00:00,2022-11-15 00:00:00
96,912,205,2022-10-07 00:00:00,2021-11-21 00:00:00
97,1189,46,2022-03-08 00:00:00,2020-08-11 00:00:00
98,673,6,2020-11-27 00:00:00,2023-06-01 00:00:00
99,636,107,2023-03-16 00:00:00,2020-09-10 00:00:00
100,1286,694,2023-10-01 00:00:00,2021-02-17 00:00:00
101,844,245,2023-01-12 00:00:00,2023-01-02 00:00:00
102,615,353,2021-11-19 00:00:00,2022-09-13 00:00:00
103,623,596,2021-06-07 00:00:00,2021-01-28 00:00:00
104,683,171,2021-06-12 00:00:00,2023-04-01 00:00:00
105,546,152,2020-07-21 00:00:00,2020-11-13 00:00:00
106,813,264,2020-08-30 00:00:00,2022-04-04 00:00:00
107,1460,360,2021-05-19 00:00:00,2023-05-09 00:00:00
108,711,453,2021-04-15 00:00:00,2021-10-26 00:00:00
109,610,13,2023-06-06 00:00:00,2021-11-16 00:00:00
110,1497,697,2020-01-17 00:00:00,2023-08-06 00:00:00
111,1330,230,2020-10-30 00:00:00,2024-04-02 00:00:00
112,1145,535,2020-12-18 00:00:00,2022-10-22 00:00:00
113,1354,118,2020-05-10 00:00:00,2023-02-02 00:00:00
114,1484,391,2023-10-22 00:00:00,2020-01-16 00:00:00
115,1293,140,2022-06-21 00:00:00,2023-03-13 00:00:00
116,987,10,2020-01-09 00:00:00,2023-07-05 00:00:00
117,922,593,2020-05-30 00:00:00,2023-08-27 00:00:00
118,1092,119,2023-03-11 00:00:00,2023-10-17 00:00:00
119,699,455,2022-02-15 00:00:00,2022-11-13 00:00:00
120,1453,101,2022-06-06 00:00:00,2022-03-12 00:00:00
121,858,483,2022-01-04 00:00:00,2024-03-31 00:00:00
122,1389,48,2021-04-18 00:00:00,2021-07-27 00:00:00
123,1148,350,2021-03-30 00:00:00,2024-12-31 00:00:00
124,924,625,2021-01-06 00:00:00,2023-10-30 00:00:00
125,1474,316,2023-01-01 00:00:00,2021-07-26 00:00:00
126,1323,442,2024-05-22 00:00:00,2021-10-26 00:00:00
127,651,462,2020-10-06 00:00:00,2024-09-14 00:00:00
128,1039,52,2023-11-21 00:00:00,2024-03-01 00:00:00
129,1393,172,2021-05-22 00:00:00,2020-01-15 00:00:00
130,1096,9,2023-05-26 00:00:00,2020-02-01 00:00:00
131,902,374,2024-12-10 00:00:00,2023-04-07 00:00:00
132,696,364,2021-12-29 00:00:00,2022-10-06 00:00:00
133,1176,187,2024-07-05 00:00:00,2024-12-16 00:00:00
134,882,256,2024-11-07 00:00:00,2021-02-09 00:00:00
135,573,89,2022-09-27 00:00:00,2024-07-27 00:00:00
136,1323,202,2021-07-01 00:00:00,2024-07-14 00:00:00
137,1272,598,2020-08-14 00:00:00,2020-08-16 00:00:00
138,1254,283,2023-08-18 00:00:00,2022-02-07 00:00:00
139,827,420,2023-06-29 00:00:00,2023-09-13 00:00:00
140,724,621,2024-08-02 00:00:00,2020-02-28 00:00:00
141,519,675,2020-02-24 00:00:00,2021-12-06 00:00:00
142,874,231,2022-05-16 00:00:00,2024-07-06 00:00:00
143,1256,53,2022-07-27 00:00:00,2022-03-08 00:00:00
144,851,459,2022-06-10 00:00:00,2022-09-02 00:00:00
145,1435,222,2022-01-14 00:00:00,2022-12-24 00:00:00
146,1489,176,2021-09-25 00:00:00,2020-07-31 00:00:00
147,766,679,2023-08-30 00:00:00,2022-03-05 00:00:00
148,524,402,2021-02-02 00:00:00,2024-03-08 00:00:00
149,711,690,2024-06-23 00:00:00,2020-01-05 00:00:00
150,667,604,2022-11-26 00:00:00,2024-03-12 00:00:00
151,1475,277,2021-04-11 00:00:00,2020-04-24 00:00:00
152,1378,34,2020-09-15 00:00:00,2020-12-08 00:00:00
153,1346,676,2024-08-27 00:00:00,2020-10-19 00:00:00
154,730,39,2023-03-02 00:00:00,2023-10-07 00:00:00
155,764,475,2024-10-31 00:00:00,2023-03-14 00:00:00
156,1255,342,2023-12-17 00:00:00,2024-12-13 00:00:00
157,700,494,2024-10-12 00:00:00,2020-12-22 00:00:00
158,969,279,2024-01-26 00:00:00,2024-07-31 00:00:00
159,889,149,2020-06-11 00:00:00,2020-04-30 00:00:00
160,1435,19,2022-07-08 00:00:00,2024-01-22 00:00:00
161,1077,633,2020-09-21 00:00:00,2020-02-13 00:00:00
162,516,518,2021-02-13 00:00:00,2020-05-20 00:00:00
163,1309,605,2022-06-28 00:00:00,2021-12-13 00:00:00
164,1211,634,2023-10-23 00:00:00,2022-03-30 00:00:00
165,845,475,2020-10-14 00:00:00,2020-02-03 00:00:00
166,1463,91,2021-12-30 00:00:00,2021-04-02 00:00:00
167,1346,644,2022-10-29 00:00:00,2022-12-30 00:00:00
168,959,63,2023-06-03 00:00:00,2021-04-06 00:00:00
169,968,106,2021-08-22 00:00:00,2021-01-12 00:00:00
170,1344,122,2022-12-27 00:00:00,2020-01-11 00:00:00
171,1377,561,2020-03-24 00:00:00,2022-09-21 00:00:00
172,871,473,2022-01-05 00:00:00,2023-11-30 00:00:00
173,561,498,2020-08-07 00:00:00,2022-01-19 00:00:00
174,661,158,2021-07-21 00:00:00,2021-12-21 00:00:00
175,1387,510,2020-02-26 00:00:00,2024-08-02 00:00:00
176,910,429,2021-04-15 00:00:00,2020-06-22 00:00:00
177,515,632,2020-09-27 00:00:00,2020-02-28 00:00:00
178,1058,305,2024-10-09 00:00:00,2021-07-20 00:00:00
179,1417,158,2023-01-10 00:00:00,2024-08-17 00:00:00
180,867,315,2021-12-02 00:00:00,2024-10-08 00:00:00
181,1188,606,2021-11-11 00:00:00,2020-08-25 00:00:00
182,803,212,2021-02-03 00:00:00,2021-02-14 00:00:00
183,833,629,2021-05-16 00:00:00,2020-12-08 00:00:00
184,811,289,2020-11-28 00:00:00,2021-11-24 00:00:00
185,641,106,2023-03-19 00:00:00,2024-05-20 00:00:00
186,654,530,2024-03-10 00:00:00,2020-12-11 00:00:00
187,804,273,2021-02-26 00:00:00,2022-06-14 00:00:00
188,1479,398,2022-10-21 00:00:00,2020-12-20 00:00:00
189,1029,437,2024-12-31 00:00:00,2020-11-16 00:00:00
190,547,296,2023-02-19 00:00:00,2021-03-11 00:00:00
191,1331,188,2024-09-09 00:00:00,2022-04-14 00:00:00
192,1119,583,2023-02-22 00:00:00,2021-12-01 00:00:00
193,1093,611,2024-03-09 00:00:00,2024-05-12 00:00:00
194,1434,191,2023-09-02 00:00:00,2020-12-12 00:00:00
195,571,619,2024-08-28 00:00:00,2023-03-18 00:00:00
196,1031,1,2020-09-04 00:00:00,2021-12-28 00:00:00
197,957,294,2024-11-01 00:00:00,2020-09-12 00:00:00
198,1241,46,2022-11-12 00:00:00,2024-07-12 00:00:00
199,1457,647,2021-09-08 00:00:00,2024-05-20 00:00:00
200,1333,81,2023-09-10 00:00:00,2021-05-17 00:00:00
201,1068,13,2022-11-16 00:00:00,2024-08-06 00:00:00
202,1200,333,2024-08-17 00:00:00,2023-09-14 00:00:00
203,1433,406,2021-02-12 00:00:00,2024-04-13 00:00:00
204,709,439,2024-01-30 00:00:00,2024-04-08 00:00:00
205,1385,514,2023-03-24 00:00:00,2024-05-16 00:00:00
206,841,390,2022-04-18 00:00:00,2023-08-19 00:00:00
207,832,75,2020-07-19 00:00:00,2021-08-13 00:00:00
208,1185,163,2021-12-15 00:00:00,2021-09-21 00:00:00
209,1377,398,2020-07-16 00:00:00,2021-07-12 00:00:00
210,1417,640,2023-11-04 00:00:00,2023-03-03 00:00:00
211,1439,435,2020-03-04 00:00:00,2023-06-16 00:00:00
212,1360,511,2022-03-05 00:00:00,2022-09-04 00:00:00
213,1488,403,2022-03-02 00:00:00,2022-05-08 00:00:00
214,1416,105,2023-02-21 00:00:00,2024-11-16 00:00:00
215,1344,11,2020-02-18 00:00:00,2021-06-25 00:00:00
216,979,83,2023-06-15 00:00:00,2021-11-13 00:00:00
217,1190,84,2024-01-02 00:00:00,2023-08-19 00:00:00
218,1140,189,2022-01-09 00:00:00,2022-11-28 00:00:00
219,966,257,2024-09-03 00:00:00,2020-06-08 00:00:00
220,849,419,2023-04-16 00:00:00,2022-11-29 00:00:00
221,1010,409,2021-08-12 00:00:00,2023-04-10 00:00:00
222,825,272,2020-11-09 00:00:00,2024-07-28 00:00:00
223,1229,638,2020-07-14 00:00:00,2022-09-17 00:00:00
224,559,198,2020-12-01 00:00:00,2024-02-16 00:00:00
225,1203,312,2023-03-24 00:00:00,2024-11-05 00:00:00
226,674,158,2023-12-17 00:00:00,2025-01-01 00:00:00
227,557,557,2023-12-09 00:00:00,2023-05-17 00:00:00
228,1405,491,2023-04-06 00:00:00,2023-08-21 00:00:00
229,776,220,2021-11-10 00:00:00,2022-10-01 00:00:00
230,1163,567,2021-07-27 00:00:00,2020-05-18 00:00:00
231,1255,350,2021-09-09 00:00:00,2021-04-24 00:00:00
232,757,399,2023-10-30 00:00:00,2022-08-26 00:00:00
233,1448,83,2020-09-23 00:00:00,2022-08-02 00:00:00
234,566,243,2021-12-02 00:00:00,2020-06-14 00:00:00
235,1433,568,2024-08-27 00:00:00,2022-11-19 00:00:00
236,578,527,2021-07-29 00:00:00,2021-07-08 00:00:00
237,955,129,2024-07-01 00:00:00,2021-01-19 00:00:00
238,1267,167,2022-11-16 00:00:00,2020-10-08 00:00:00
239,1100,33,2024-09-14 00:00:00,2022-11-21 00:00:00
240,945,308,2021-05-13 00:00:00,2021-02-19 00:00:00
241,1069,62,2023-10-01 00:00:00,2020-04-18 00:00:00
242,696,243,2023-04-19 00:00:00,2020-04-18 00:00:00
243,1460,454,2020-10-03 00:00:00,2022-04-24 00:00:00
244,1206,314,2020-04-08 00:00:00,2020-10-13 00:00:00
245,1394,230,2022-05-25 00:00:00,2021-10-16 00:00:00
246,770,86,2023-12-21 00:00:00,2022-07-17 00:00:00
247,680,526,2021-10-20 00:00:00,2024-10-29 00:00:00
248,979,272,2023-03-30 00:00:00,2022-10-22 00:00:00
249,1336,269,2022-09-03 00:00:00,2020-02-26 00:00:00
250,512,44,2023-08-26 00:00:00,2024-04-29 00:00:00
251,547,620,2022-01-14 00:00:00,2023-04-24 00:00:00
252,633,547,2024-07-01 00:00:00,2023-06-19 00:00:00
253,1159,225,2024-03-09 00:00:00,2022-09-10 00:00:00
254,631,82,2021-05-20 00:00:00,2023-06-01 00:00:00
255,948,277,2020-05-21 00:00:00,2020-03-17 00:00:00
256,796,696,2022-08-30 00:00:00,2020-11-14 00:00:00
257,753,321,2020-06-01 00:00:00,2024-09-11 00:00:00
258,1309,528,2020-07-23 00:00:00,2024-05-17 00:00:00
259,1181,398,2024-09-10 00:00:00,2023-07-16 00:00:00
260,695,500,2020-07-15 00:00:00,2020-09-14 00:00:00
261,1455,351,2021-06-15 00:00:00,2021-08-01 00:00:00
262,988,575,2023-10-29 00:00:00,2021-02-28 00:00:00
263,1447,542,2023-07-02 00:00:00,2021-01-01 00:00:00
264,1075,180,2023-04-30 00:00:00,2022-03-10 00:00:00
265,576,480,2022-07-10 00:00:00,2024-05-22 00:00:00
266,763,201,2022-02-12 00:00:00,2023-05-31 00:00:00
267,910,379,2021-12-12 00:00:00,2024-08-29 00:00:00
268,1461,676,2023-05-30 00:00:00,2020-07-11 00:00:00
269,862,200,2023-07-20 00:00:00,2020-04-09 00:00:00
270,597,327,2020-11-30 00:00:00,2020-01-04 00:00:00
271,1258,54,2021-09-02 00:00:00,2020-07-27 00:00:00
272,650,95,2020-03-28 00:00:00,2024-05-08 00:00:00
273,960,245,2024-03-12 00:00:00,2022-12-20 00:00:00
274,693,470,2024-05-20 00:00:00,2021-12-10 00:00:00
275,566,5,2021-03-09 00:00:00,2024-02-19 00:00:00
276,1207,312,2023-02-17 00:00:00,2020-09-22 00:00:00
277,605,630,2021-09-05 00:00:00,2023-03-20 00:00:00
278,1334,27,2024-10-12 00:00:00,2024-09-09 00:00:00
279,1499,275,2020-07-28 00:00:00,2021-07-12 00:00:00
280,702,447,2023-05-19 00:00:00,2020-12-28 00:00:00
281,884,21,2021-12-07 00:00:00,2021-10-17 00:00:00
282,1095,171,2020-09-21 00:00:00,2020-10-28 00:00:00
283,1094,257,2024-12-25 00:00:00,2020-06-23 00:00:00
284,1162,328,2020-12-22 00:00:00,2020-04-06 00:00:00
285,1147,685,2020-07-13 00:00:00,2020-11-16 00:00:00
286,1406,523,2024-04-09 00:00:00,2020-12-24 00:00:00
287,690,651,2022-10-02 00:00:00,2021-12-16 00:00:00
288,636,646,2020-04-16 00:00:00,2023-07-30 00:00:00
289,769,29,2024-09-06 00:00:00,2024-03-03 00:00:00
290,1442,157,2023-11-08 00:00:00,2024-05-13 00:00:00
291,699,279,2022-03-24 00:00:00,2023-04-23 00:00:00
292,955,412,2022-11-26 00:00:00,2022-07-07 00:00:00
293,722,288,2022-02-14 00:00:00,2022-09-13 00:00:00
294,749,674,2021-11-14 00:00:00,2021-07-15 00:00:00
295,500,599,2023-01-01 00:00:00,2021-01-23 00:00:00
296,1451,297,2020-04-14 00:00:00,2020-08-02 00:00:00
297,513,357,2021-07-18 00:00:00,2022-01-30 00:00:00
298,1304,256,2024-04-29 00:00:00,2022-05-28 00:00:00
299,804,677,2024-02-24 00:00:00,2021-09-01 00:00:00
300,562,70,2024-03-28 00:00:00,2021-08-21 00:00:00
301,929,391,2023-01-22 00:00:00,2023-02-19 00:00:00
302,1255,603,2020-03-05 00:00:00,2020-10-14 00:00:00
303,718,623,2020-04-15 00:00:00,2024-05-10 00:00:00
304,975,376,2020-12-20 00:00:00,2022-02-05 00:00:00
305,542,26,2024-07-14 00:00:00,2020-03-17 00:00:00
306,671,227,2024-01-13 00:00:00,2020-02-01 00:00:00
307,1257,175,2022-01-19 00:00:00,2020-12-30 00:00:00
308,783,668,2022-03-16 00:00:00,2023-01-20 00:00:00
309,1172,480,2020-09-17 00:00:00,2020-11-16 00:00:00
310,1251,412,2022-10-02 00:00:00,2022-07-21 00:00:00
311,1172,668,2022-05-06 00:00:00,2020-10-16 00:00:00
312,959,515,2022-11-13 00:00:00,2023-03-31 00:00:00
313,722,586,2024-11-17 00:00:00,2022-05-14 00:00:00
314,1161,515,2022-02-14 00:00:00,2024-01-22 00:00:00
315,958,664,2022-06-05 00:00:00,2020-04-21 00:00:00
316,1313,82,2022-10-02 00:00:00,2022-09-10 00:00:00
317,978,582,2024-12-23 00:00:00,2021-03-10 00:00:00
318,555,93,2021-10-25 00:00:00,2021-02-28 00:00:00
319,1391,50,2020-02-16 00:00:00,2021-11-11 00:00:00
320,636,2,2021-09-05 00:00:00,2021-07-16 00:00:00
321,512,95,2022-06-24 00:00:00,2021-06-03 00:00:00
322,1490,427,2022-05-31 00:00:00,2023-02-04 00:00:00
323,1221,628,2023-08-20 00:00:00,2022-03-30 00:00:00
324,759,371,2023-04-23 00:00:00,2022-03-20 00:00:00
325,942,107,2022-03-11 00:00:00,2024-01-15 00:00:00
326,1196,326,2023-01-12 00:00:00,2021-01-24 00:00:00
327,1157,669,2022-02-08 00:00:00,2022-10-25 00:00:00
328,1298,573,2021-10-22 00:00:00,2023-08-26 00:00:00
329,1125,547,2021-09-01 00:00:00,2020-09-08 00:00:00
330,1332,584,2020-06-03 00:00:00,2021-11-04 00:00:00
331,949,184,2022-06-04 00:00:00,2022-11-29 00:00:00
332,811,566,2023-10-11 00:00:00,2020-10-15 00:00:00
333,1443,43,2023-05-25 00:00:00,2022-11-20 00:00:00
334,1449,127,2023-08-03 00:00:00,2020-11-04 00:00:00
335,1025,584,2020-12-15 00:00:00,2023-09-06 00:00:00
336,1116,297,2022-03-16 00:00:00,2022-04-08 00:00:00
337,1329,488,2024-10-03 00:00:00,2022-09-26 00:00:00
338,1032,80,2024-05-11 00:00:00,2020-01-06 00:00:00
339,969,119,2022-11-11 00:00:00,2024-04-24 00:00:00
340,866,339,2022-11-04 00:00:00,2023-06-26 00:00:00
341,778,515,2022-03-25 00:00:00,2021-07-20 00:00:00
342,737,71,2022-08-01 00:00:00,2024-07-13 00:00:00
343,1389,45,2020-01-12 00:00:00,2023-10-14 00:00:00
344,620,40,2021-03-25 00:00:00,2024-01-30 00:00:00
345,1280,70,2021-04-06 00:00:00,2020-05-16 00:00:00
346,978,62,2023-07-08 00:00:00,2020-03-11 00:00:00
347,597,379,2021-04-03 00:00:00,2020-06-16 00:00:00
348,1487,414,2022-04-26 00:00:00,2021-08-24 00:00:00
349,896,279,2020-02-09 00:00:00,2022-09-22 00:00:00
350,1388,354,2021-10-17 00:00:00,2021-06-07 00:00:00
351,1060,452,2023-06-27 00:00:00,2023-03-25 00:00:00
352,998,59,2022-08-18 00:00:00,2022-06-01 00:00:00
353,929,51,2020-11-11 00:00:00,2020-04-12 00:00:00
354,914,613,2023-11-16 00:00:00,2020-08-12 00:00:00
355,720,388,2020-03-17 00:00:00,2021-04-08 00:00:00
356,658,178,2024-03-05 00:00:00,2024-01-28 00:00:00
357,1401,107,2021-11-22 00:00:00,2023-06-04 00:00:00
358,992,109,2020-02-25 00:00:00,2022-03-02 00:00:00
359,639,119,2020-07-13 00:00:00,2022-09-01 00:00:00
360,1128,552,2021-10-01 00:00:00,2020-05-09 00:00:00
361,995,450,2023-11-02 00:00:00,2022-07-17 00:00:00
362,1422,438,2020-08-26 00:00:00,2021-09-29 00:00:00
363,976,313,2021-06-13 00:00:00,2020-10-18 00:00:00
364,1017,655,2020-11-11 00:00:00,2020-10-17 00:00:00
365,1065,338,2021-12-11 00:00:00,2023-09-02 00:00:00
366,600,187,2022-10-25 00:00:00,2023-06-03 00:00:00
367,1027,408,2024-06-25 00:00:00,2020-12-07 00:00:00
368,1330,387,2020-05-05 00:00:00,2020-05-31 00:00:00
369,1121,224,2020-09-01 00:00:00,2023-01-18 00:00:00
370,678,33,2020-09-29 00:00:00,2020-08-17 00:00:00
371,734,403,2022-02-20 00:00:00,2020-09-04 00:00:00
372,581,266,2023-09-02 00:00:00,2024-05-31 00:00:00
373,591,144,2022-01-13 00:00:00,2024-03-17 00:00:00
374,1429,248,2020-04-14 00:00:00,2022-09-08 00:00:00
375,545,700,2023-01-15 00:00:00,2020-07-28 00:00:00
376,1497,117,2020-05-05 00:00:00,2021-07-18 00:00:00
377,641,540,2023-02-14 00:00:00,2022-11-22 00:00:00
378,1090,339,2022-12-30 00:00:00,2021-09-02 00:00:00
379,1164,367,2024-12-02 00:00:00,2021-09-03 00:00:00
380,1075,491,2021-03-29 00:00:00,2020-12-12 00:00:00
381,808,332,2023-01-14 00:00:00,2023-05-29 00:00:00
382,1442,603,2021-01-06 00:00:00,2022-09-05 00:00:00
383,633,197,2023-06-08 00:00:00,2024-02-19 00:00:00
384,1043,81,2022-06-25 00:00:00,2022-04-20 00:00:00
385,1083,140,2023-05-24 00:00:00,2021-01-06 00:00:00
386,1154,196,2023-12-12 00:00:00,2020-09-02 00:00:00
387,1357,7,2023-12-13 00:00:00,2022-09-24 00:00:00
388,769,530,2022-07-11 00:00:00,2023-05-04 00:00:00
389,1183,423,2023-03-23 00:00:00,2022-02-07 00:00:00
390,1257,626,2023-12-04 00:00:00,2023-09-17 00:00:00
391,1369,506,2023-02-19 00:00:00,2021-02-27 00:00:00
392,1304,92,2024-05-19 00:00:00,2023-01-19 00:00:00
393,1299,62,2023-09-21 00:00:00,2023-06-05 00:00:00
394,1221,232,2021-03-19 00:00:00,2022-01-18 00:00:00
395,1154,496,2020-05-18 00:00:00,2023-12-06 00:00:00
396,1239,466,2024-01-20 00:00:00,2020-08-09 00:00:00
397,663,271,2024-02-07 00:00:00,2021-10-08 00:00:00
398,667,311,2023-11-25 00:00:00,2023-01-24 00:00:00
399,759,179,2024-02-29 00:00:00,2023-03-30 00:00:00
400,1049,514,2020-06-09 00:00:00,2023-04-18 00:00:00
401,1244,464,2023-06-24 00:00:00,2022-05-06 00:00:00
402,1360,530,2022-01-26 00:00:00,2021-06-07 00:00:00
403,844,343,2021-12-08 00:00:00,2021-11-08 00:00:00
404,623,138,2024-04-04 00:00:00,2024-02-21 00:00:00
405,1191,481,2022-03-20 00:00:00,2024-02-08 00:00:00
406,1265,246,2023-12-22 00:00:00,2022-12-25 00:00:00
407,792,199,2020-07-15 00:00:00,2021-08-20 00:00:00
408,809,214,2022-07-06 00:00:00,2021-02-14 00:00:00
409,770,98,2023-07-15 00:00:00,2024-10-28 00:00:00
410,1031,690,2023-08-27 00:00:00,2023-11-03 00:00:00
411,1125,567,2022-01-29 00:00:00,2024-04-21 00:00:00
412,1341,488,2020-06-15 00:00:00,2021-05-01 00:00:00
413,1155,4,2022-01-19 00:00:00,2024-11-12 00:00:00
414,1007,253,2020-04-19 00:00:00,2020-08-30 00:00:00
415,742,367,2020-10-11 00:00:00,2023-11-27 00:00:00
416,603,366,2024-02-17 00:00:00,2023-09-20 00:00:00
417,1204,547,2021-11-14 00:00:00,2020-09-30 00:00:00
418,709,487,2024-07-31 00:00:00,2024-06-26 00:00:00
419,1294,161,2024-09-02 00:00:00,2024-11-18 00:00:00
420,1352,90,2020-12-16 00:00:00,2020-07-17 00:00:00
421,1271,665,2020-11-16 00:00:00,2020-09-19 00:00:00
422,688,460,2021-02-07 00:00:00,2021-06-12 00:00:00
423,762,524,2024-07-14 00:00:00,2020-12-14 00:00:00
424,1239,55,2023-11-13 00:00:00,2024-05-28 00:00:00
425,991,400,2022-09-14 00:00:00,2022-11-14 00:00:00
426,1474,506,2021-07-02 00:00:00,2022-04-28 00:00:00
427,1086,540,2023-04-14 00:00:00,2022-05-20 00:00:00
428,1059,566,2021-10-13 00:00:00,2022-04-11 00:00:00
429,1207,604,2021-09-25 00:00:00,2023-11-10 00:00:00
430,804,98,2022-11-16 00:00:00,2023-07-25 00:00:00
431,1034,37,2020-10-09 00:00:00,2023-11-01 00:00:00
432,952,155,2023-12-05 00:00:00,2024-08-07 00:00:00
433,1346,607,2022-12-11 00:00:00,2023-07-18 00:00:00
434,699,420,2022-08-12 00:00:00,2024-04-05 00:00:00
435,1171,13,2023-03-04 00:00:00,2024-02-22 00:00:00
436,702,231,2022-05-01 00:00:00,2021-10-21 00:00:00
437,592,617,2022-11-26 00:00:00,2023-08-09 00:00:00
438,666,110,2024-02-14 00:00:00,2021-11-10 00:00:00
439,744,597,2023-05-24 00:00:00,2023-11-01 00:00:00
440,1302,252,2023-05-09 00:00:00,2022-10-25 00:00:00
441,1253,83,2022-11-30 00:00:00,2023-11-08 00:00:00
442,1181,184,2024-02-09 00:00:00,2020-10-31 00:00:00
443,1003,301,2023-08-28 00:00:00,2021-01-12 00:00:00
444,1043,68,2020-05-28 00:00:00,2024-02-06 00:00:00
445,585,231,2022-06-13 00:00:00,2022-05-11 00:00:00
446,663,302,2022-03-22 00:00:00,2024-09-27 00:00:00
447,887,601,2020-05-15 00:00:00,2021-12-25 00:00:00
448,541,498,2023-06-17 00:00:00,2020-01-19 00:00:00
449,572,292,2023-05-04 00:00:00,2022-05-16 00:00:00
450,542,63,2022-03-14 00:00:00,2021-09-20 00:00:00
451,919,101,2024-05-20 00:00:00,2023-10-16 00:00:00
452,1315,688,2022-10-10 00:00:00,2022-06-13 00:00:00
453,811,372,2020-01-08 00:00:00,2024-11-25 00:00:00
454,1043,685,2021-08-03 00:00:00,2024-06-01 00:00:00
455,1163,643,2023-08-13 00:00:00,2024-04-01 00:00:00
456,1437,448,2022-05-09 00:00:00,2022-05-09 00:00:00
457,1178,692,2021-11-22 00:00:00,2022-05-22 00:00:00
458,1409,649,2020-10-29 00:00:00,2024-10-01 00:00:00
459,1309,217,2021-04-08 00:00:00,2020-08-29 00:00:00
460,1096,420,2021-12-12 00:00:00,2020-04-16 00:00:00
461,1055,196,2024-05-18 00:00:00,2021-10-30 00:00:00
462,1473,328,2021-04-15 00:00:00,2022-01-09 00:00:00
463,1316,14,2020-11-16 00:00:00,2020-07-15 00:00:00
464,650,69,2024-02-14 00:00:00,2021-09-04 00:00:00
465,1156,413,2024-03-27 00:00:00,2021-11-04 00:00:00
466,888,161,2024-04-06 00:00:00,2021-12-03 00:00:00
467,634,202,2023-11-15 00:00:00,2024-04-15 00:00:00
468,813,363,2023-08-20 00:00:00,2024-02-27 00:00:00
469,1129,151,2024-09-06 00:00:00,2022-03-05 00:00:00
470,763,425,2021-06-15 00:00:00,2022-08-11 00:00:00
471,1254,468,2024-06-15 00:00:00,2023-12-02 00:00:00
472,1067,148,2023-06-12 00:00:00,2023-09-26 00:00:00
473,1173,569,2024-07-02 00:00:00,2021-04-08 00:00:00
474,840,143,2020-12-31 00:00:00,2022-12-09 00:00:00
475,663,85,2023-09-20 00:00:00,2021-03-28 00:00:00
476,1032,123,2021-04-25 00:00:00,2022-08-11 00:00:00
477,767,447,2024-06-23 00:00:00,2023-12-14 00:00:00
478,552,458,2020-12-17 00:00:00,2020-09-28 00:00:00
479,979,344,2021-03-03 00:00:00,2023-08-05 00:00:00
480,884,263,2020-01-31 00:00:00,2023-08-13 00:00:00
481,581,322,2021-10-18 00:00:00,2022-07-20 00:00:00
482,774,474,2022-07-02 00:00:00,2020-10-20 00:00:00
483,784,560,2023-12-22 00:00:00,2023-06-09 00:00:00
484,1040,453,2023-03-17 00:00:00,2023-08-25 00:00:00
485,1016,530,2021-11-15 00:00:00,2023-12-03 00:00:00
486,1181,597,2021-06-21 00:00:00,2021-07-08 00:00:00
487,663,285,2023-04-03 00:00:00,2022-05-15 00:00:00
488,1166,21,2021-09-27 00:00:00,2021-09-20 00:00:00
489,1010,15,2023-12-01 00:00:00,2023-07-20 00:00:00
490,986,494,2022-04-11 00:00:00,2023-03-29 00:00:00
491,959,282,2022-11-28 00:00:00,2024-08-17 00:00:00
492,1030,614,2023-05-23 00:00:00,2023-08-13 00:00:00
493,1098,637,2021-09-13 00:00:00,2020-01-09 00:00:00
494,1469,166,2020-02-25 00:00:00,2024-10-02 00:00:00
495,1133,527,2021-08-23 00:00:00,2022-04-26 00:00:00
496,1058,695,2024-01-07 00:00:00,2021-06-07 00:00:00
497,1473,328,2021-08-19 00:00:00,2020-02-01 00:00:00
498,1162,302,2024-02-11 00:00:00,2022-12-13 00:00:00
499,1061,137,2021-03-24 00:00:00,2022-09-06 00:00:00
500,1413,419,2020-06-06 00:00:00,2022-01-26 00:00:00
501,581,167,2021-05-20 00:00:00,2020-07-05 00:00:00
502,1338,116,2022-12-16 00:00:00,2023-11-16 00:00:00
503,942,381,2024-08-31 00:00:00,2021-07-01 00:00:00
504,1294,401,2020-12-31 00:00:00,2020-10-01 00:00:00
505,727,356,2020-05-12 00:00:00,2022-07-29 00:00:00
506,785,87,2024-07-25 00:00:00,2020-01-21 00:00:00
507,1367,249,2022-10-24 00:00:00,2020-10-01 00:00:00
508,1493,433,2024-03-30 00:00:00,2023-03-30 00:00:00
509,1498,430,2024-09-02 00:00:00,2022-11-30 00:00:00
510,1000,490,2022-11-03 00:00:00,2020-08-09 00:00:00
511,585,423,2024-03-17 00:00:00,2023-03-18 00:00:00
512,1111,252,2022-10-03 00:00:00,2023-03-05 00:00:00
513,954,609,2022-11-01 00:00:00,2023-10-21 00:00:00
514,726,295,2021-12-02 00:00:00,2020-02-03 00:00:00
515,1116,460,2022-10-26 00:00:00,2023-04-08 00:00:00
516,1157,637,2022-09-30 00:00:00,2021-01-07 00:00:00
517,1130,271,2021-08-24 00:00:00,2021-06-15 00:00:00
518,536,648,2024-09-24 00:00:00,2021-12-25 00:00:00
519,787,563,2020-03-27 00:00:00,2021-08-27 00:00:00
520,1118,120,2023-03-14 00:00:00,2020-08-15 00:00:00
521,1202,46,2022-10-08 00:00:00,2023-07-27 00:00:00
522,1462,170,2020-03-13 00:00:00,2020-12-20 00:00:00
523,1342,160,2023-06-06 00:00:00,2020-11-25 00:00:00
524,734,574,2024-04-23 00:00:00,2024-10-12 00:00:00
525,1208,492,2021-12-03 00:00:00,2020-10-05 00:00:00
526,776,22,2022-10-25 00:00:00,2023-03-25 00:00:00
527,1195,303,2022-07-20 00:00:00,2023-12-27 00:00:00
528,806,635,2020-10-15 00:00:00,2021-08-29 00:00:00
529,1424,243,2023-03-26 00:00:00,2020-02-12 00:00:00
530,1297,71,2022-01-03 00:00:00,2020-09-07 00:00:00
531,982,411,2023-01-03 00:00:00,2022-06-25 00:00:00
532,1475,447,2023-06-15 00:00:00,2020-11-19 00:00:00
533,639,36,2023-10-11 00:00:00,2022-02-18 00:00:00
534,611,160,2023-09-20 00:00:00,2022-02-19 00:00:00
535,1352,467,2024-03-27 00:00:00,2020-07-12 00:00:00
536,1000,321,2021-11-28 00:00:00,2020-11-05 00:00:00
537,778,210,2023-06-29 00:00:00,2021-05-08 00:00:00
538,841,659,2024-09-12 00:00:00,2020-11-11 00:00:00
539,1144,637,2020-02-01 00:00:00,2021-09-25 00:00:00
540,1133,532,2021-12-28 00:00:00,2024-07-26 00:00:00
541,1268,527,2020-02-08 00:00:00,2022-08-19 00:00:00
542,1234,102,2020-05-21 00:00:00,2024-01-12 00:00:00
543,796,202,2023-06-23 00:00:00,2020-07-01 00:00:00
544,1432,297,2023-11-10 00:00:00,2021-06-05 00:00:00
545,908,222,2022-02-14 00:00:00,2023-07-05 00:00:00
546,1337,491,2023-12-05 00:00:00,2023-11-08 00:00:00
547,557,601,2020-12-29 00:00:00,2021-08-02 00:00:00
548,1406,626,2022-10-13 00:00:00,2021-01-07 00:00:00
549,626,658,2021-07-14 00:00:00,2022-11-09 00:00:00
550,1358,312,2023-07-24 00:00:00,2021-06-19 00:00:00
551,1108,102,2023-06-07 00:00:00,2024-09-26 00:00:00
552,906,588,2020-03-20 00:00:00,2020-06-05 00:00:00
553,1093,696,2022-08-02 00:00:00,2020-04-22 00:00:00
554,651,127,2024-08-23 00:00:00,2022-11-11 00:00:00
555,1144,319,2024-01-07 00:00:00,2020-06-24 00:00:00
556,893,421,2020-08-24 00:00:00,2022-04-24 00:00:00
557,1039,259,2024-11-09 00:00:00,2022-07-02 00:00:00
558,1060,512,2020-09-28 00:00:00,2020-04-09 00:00:00
559,788,19,2021-01-28 00:00:00,2020-09-28 00:00:00
560,1234,72,2022-04-15 00:00:00,2024-03-11 00:00:00
561,890,458,2020-08-17 00:00:00,2021-11-02 00:00:00
562,910,248,2023-08-30 00:00:00,2020-11-17 00:00:00
563,850,394,2020-12-28 00:00:00,2020-03-20 00:00:00
564,920,139,2022-11-10 00:00:00,2020-02-15 00:00:00
565,927,689,2024-05-07 00:00:00,2024-09-27 00:00:00
566,1457,661,2020-12-16 00:00:00,2021-11-11 00:00:00
567,844,620,2022-08-02 00:00:00,2023-05-17 00:00:00
568,545,404,2024-04-09 00:00:00,2021-05-06 00:00:00
569,1104,191,2024-08-09 00:00:00,2021-01-26 00:00:00
570,835,643,2020-02-29 00:00:00,2023-11-26 00:00:00
571,767,310,2020-05-06 00:00:00,2020-09-10 00:00:00
572,583,491,2022-05-25 00:00:00,2022-08-10 00:00:00
573,1426,232,2022-01-28 00:00:00,2020-01-04 00:00:00
574,631,657,2024-12-21 00:00:00,2022-02-17 00:00:00
575,1254,495,2023-11-14 00:00:00,2024-09-17 00:00:00
576,572,571,2024-09-16 00:00:00,2021-02-04 00:00:00
577,1446,669,2024-07-24 00:00:00,2022-01-04 00:00:00
578,800,433,2024-12-28 00:00:00,2023-09-06 00:00:00
579,1027,533,2021-08-04 00:00:00,2021-10-11 00:00:00
580,896,2,2024-11-25 00:00:00,2022-09-29 00:00:00
581,519,155,2024-09-29 00:00:00,2020-04-15 00:00:00
582,1279,568,2024-10-04 00:00:00,2021-04-07 00:00:00
583,739,330,2022-08-26 00:00:00,2023-08-11 00:00:00
584,691,394,2023-07-03 00:00:00,2024-04-09 00:00:00
585,1461,538,2023-02-10 00:00:00,2022-05-29 00:00:00
586,1089,640,2024-02-14 00:00:00,2022-03-31 00:00:00
587,1255,501,2022-01-14 00:00:00,2023-06-27 00:00:00
588,1333,493,2023-05-11 00:00:00,2020-09-15 00:00:00
589,607,391,2024-09-03 00:00:00,2022-10-24 00:00:00
590,829,337,2023-05-18 00:00:00,2020-01-16 00:00:00
591,1025,95,2024-12-28 00:00:00,2020-09-28 00:00:00
592,1000,567,2024-08-04 00:00:00,2023-11-06 00:00:00
593,933,671,2022-04-10 00:00:00,2020-05-17 00:00:00
594,1262,451,2021-07-27 00:00:00,2022-08-08 00:00:00
595,1024,413,2020-03-21 00:00:00,2023-08-28 00:00:00
596,719,511,2023-07-26 00:00:00,2021-11-17 00:00:00
597,1383,245,2022-10-02 00:00:00,2022-10-31 00:00:00
598,935,51,2020-05-10 00:00:00,2021-06-25 00:00:00
599,991,677,2024-07-28 00:00:00,2020-04-30 00:00:00
600,1027,259,2024-02-10 00:00:00,2024-05-19 00:00:00
601,824,493,2020-12-12 00:00:00,2024-07-27 00:00:00
602,1343,305,2020-06-23 00:00:00,2024-02-18 00:00:00
603,606,510,2022-08-11 00:00:00,2020-09-27 00:00:00
604,811,672,2024-02-25 00:00:00,2020-06-27 00:00:00
605,1432,568,2022-07-30 00:00:00,2022-07-10 00:00:00
606,1435,513,2024-11-18 00:00:00,2024-08-23 00:00:00
607,1198,617,2020-08-02 00:00:00,2021-10-14 00:00:00
608,672,553,2023-08-03 00:00:00,2023-05-02 00:00:00
609,1020,461,2021-12-19 00:00:00,2021-05-23 00:00:00
610,1373,480,2022-12-20 00:00:00,2021-10-05 00:00:00
611,856,27,2022-09-16 00:00:00,2024-03-12 00:00:00
612,1237,45,2024-08-21 00:00:00,2020-07-26 00:00:00
613,615,55,2024-09-19 00:00:00,2020-07-08 00:00:00
614,585,674,2021-09-23 00:00:00,2024-01-27 00:00:00
615,1054,390,2022-11-08 00:00:00,2020-01-14 00:00:00
616,1337,292,2023-08-27 00:00:00,2022-03-05 00:00:00
617,1394,571,2022-10-19 00:00:00,2022-01-30 00:00:00
618,803,511,2024-11-10 00:00:00,2020-09-02 00:00:00
619,834,543,2021-03-17 00:00:00,2024-10-14 00:00:00
620,959,98,2021-01-03 00:00:00,2024-11-06 00:00:00
621,1261,491,2021-06-07 00:00:00,2022-03-15 00:00:00
622,1146,8,2023-01-17 00:00:00,2023-07-17 00:00:00
623,1108,18,2022-11-17 00:00:00,2023-01-28 00:00:00
624,1432,531,2024-02-24 00:00:00,2021-10-03 00:00:00
625,1123,13,2021-07-12 00:00:00,2021-07-08 00:00:00
626,1023,252,2020-06-24 00:00:00,2024-09-17 00:00:00
627,1327,61,2021-07-02 00:00:00,2022-01-04 00:00:00
628,1439,366,2021-01-02 00:00:00,2024-12-26 00:00:00
629,1365,458,2022-08-05 00:00:00,2023-10-04 00:00:00
630,1249,13,2020-01-05 00:00:00,2022-12-08 00:00:00
631,942,510,2023-11-21 00:00:00,2021-06-30 00:00:00
632,681,468,2021-09-25 00:00:00,2022-11-07 00:00:00
633,739,333,2022-03-03 00:00:00,2020-08-14 00:00:00
634,815,257,2021-12-23 00:00:00,2021-02-17 00:00:00
635,1389,247,2022-12-04 00:00:00,2023-02-05 00:00:00
636,1058,569,2023-09-19 00:00:00,2020-10-01 00:00:00
637,1036,590,2023-11-12 00:00:00,2020-04-29 00:00:00
638,549,131,2023-04-20 00:00:00,2023-01-30 00:00:00
639,1203,146,2021-07-28 00:00:00,2024-04-13 00:00:00
640,612,236,2024-04-13 00:00:00,2022-08-18 00:00:00
641,893,650,2024-07-10 00:00:00,2021-01-02 00:00:00
642,656,668,2023-10-05 00:00:00,2023-01-24 00:00:00
643,967,178,2023-02-13 00:00:00,2023-03-16 00:00:00
644,1371,17,2020-09-06 00:00:00,2024-05-06 00:00:00
645,695,548,2022-02-02 00:00:00,2021-05-25 00:00:00
646,761,209,2023-02-06 00:00:00,2023-08-27 00:00:00
647,1352,43,2024-11-16 00:00:00,2023-08-14 00:00:00
648,716,521,2024-06-26 00:00:00,2024-08-05 00:00:00
649,742,178,2024-10-01 00:00:00,2022-09-02 00:00:00
650,601,384,2023-06-26 00:00:00,2024-07-04 00:00:00
651,1275,241,2020-09-09 00:00:00,2022-03-11 00:00:00
652,568,131,2022-08-03 00:00:00,2021-05-10 00:00:00
653,658,511,2023-05-25 00:00:00,2021-12-05 00:00:00
654,630,634,2021-09-17 00:00:00,2022-05-24 00:00:00
655,692,346,2020-05-04 00:00:00,2020-03-04 00:00:00
656,1112,518,2022-03-11 00:00:00,2023-01-17 00:00:00
657,500,481,2023-01-03 00:00:00,2021-10-28 00:00:00
658,818,354,2024-04-23 00:00:00,2024-09-29 00:00:00
659,716,609,2022-07-17 00:00:00,2020-07-27 00:00:00
660,1078,612,2024-12-23 00:00:00,2024-01-31 00:00:00
661,651,381,2023-05-18 00:00:00,2022-12-30 00:00:00
662,685,160,2020-12-07 00:00:00,2020-11-10 00:00:00
663,1143,528,2024-11-25 00:00:00,2024-08-29 00:00:00
664,1494,458,2022-03-02 00:00:00,2021-12-26 00:00:00
665,1000,419,2023-06-29 00:00:00,2022-08-01 00:00:00
666,808,348,2021-02-15 00:00:00,2022-12-29 00:00:00
667,914,94,2020-08-29 00:00:00,2024-03-06 00:00:00
668,1217,368,2021-10-29 00:00:00,2024-11-10 00:00:00
669,830,90,2021-01-26 00:00:00,2021-03-25 00:00:00
670,570,273,2020-04-21 00:00:00,2022-04-03 00:00:00
671,1047,278,2021-05-26 00:00:00,2023-05-12 00:00:00
672,1207,41,2024-02-06 00:00:00,2021-07-23 00:00:00
673,1159,647,2023-03-30 00:00:00,2024-03-29 00:00:00
674,1476,269,2022-03-13 00:00:00,2023-09-26 00:00:00
675,1252,650,2023-09-02 00:00:00,2020-05-17 00:00:00
676,1492,364,2021-07-16 00:00:00,2024-08-23 00:00:00
677,945,645,2020-08-22 00:00:00,2020-10-21 00:00:00
678,516,336,2024-03-18 00:00:00,2021-07-28 00:00:00
679,614,444,2024-06-22 00:00:00,2024-11-28 00:00:00
680,1181,253,2020-02-08 00:00:00,2021-10-30 00:00:00
681,576,533,2022-04-11 00:00:00,2022-03-23 00:00:00
682,1396,72,2022-08-31 00:00:00,2020-04-26 00:00:00
683,699,586,2020-03-17 00:00:00,2021-03-18 00:00:00
684,1105,687,2020-04-29 00:00:00,2023-08-31 00:00:00
685,681,169,2023-09-21 00:00:00,2023-06-30 00:00:00
686,774,21,2023-01-08 00:00:00,2022-10-14 00:00:00
687,647,372,2020-07-02 00:00:00,2021-10-20 00:00:00
688,1425,246,2021-08-20 00:00:00,2024-01-08 00:00:00
689,1172,242,2024-01-24 00:00:00,2022-03-18 00:00:00
690,839,682,2021-12-19 00:00:00,2021-09-23 00:00:00
691,1409,173,2024-08-14 00:00:00,2024-06-17 00:00:00
692,1230,46,2020-08-24 00:00:00,2020-06-15 00:00:00
693,1265,181,2020-05-24 00:00:00,2020-02-01 00:00:00
694,921,22,2022-02-14 00:00:00,2021-03-24 00:00:00
695,597,133,2022-04-23 00:00:00,2024-11-03 00:00:00
696,596,558,2020-04-09 00:00:00,2023-02-05 00:00:00
697,1385,6,2022-05-27 00:00:00,2020-01-10 00:00:00
698,1238,298,2024-06-25 00:00:00,2021-10-03 00:00:00
699,787,23,2021-03-14 00:00:00,2024-03-12 00:00:00
700,635,160,2022-09-15 00:00:00,2023-01-25 00:00:00
