id,fk_producto,fk_flujo,created_at,updated_at
1,139,8,2024-11-25 00:00:00,2021-11-04 00:00:00
2,441,2,2021-07-26 00:00:00,2021-05-30 00:00:00
3,369,1,2022-03-04 00:00:00,2023-04-10 00:00:00
4,298,1,2022-08-15 00:00:00,2020-06-05 00:00:00
5,496,5,2024-05-17 00:00:00,2024-01-14 00:00:00
6,3,5,2023-04-27 00:00:00,2024-07-22 00:00:00
7,514,9,2022-04-29 00:00:00,2020-06-26 00:00:00
8,373,4,2023-04-03 00:00:00,2020-02-17 00:00:00
9,449,7,2023-08-14 00:00:00,2021-09-13 00:00:00
10,405,6,2024-11-11 00:00:00,2020-03-12 00:00:00
11,20,6,2023-04-24 00:00:00,2022-01-28 00:00:00
12,533,10,2021-10-22 00:00:00,2023-12-08 00:00:00
13,323,1,2022-06-22 00:00:00,2022-08-04 00:00:00
14,61,10,2024-03-12 00:00:00,2021-05-02 00:00:00
15,107,1,2020-02-02 00:00:00,2024-07-05 00:00:00
16,304,6,2020-04-29 00:00:00,2020-10-22 00:00:00
17,436,9,2022-03-24 00:00:00,2020-04-21 00:00:00
18,589,3,2024-08-11 00:00:00,2020-12-29 00:00:00
19,290,2,2023-10-12 00:00:00,2022-07-03 00:00:00
20,682,7,2023-06-04 00:00:00,2024-10-24 00:00:00
21,392,6,2020-03-06 00:00:00,2022-05-18 00:00:00
22,290,6,2021-05-06 00:00:00,2022-12-21 00:00:00
23,365,5,2023-01-27 00:00:00,2021-01-19 00:00:00
24,327,2,2023-06-04 00:00:00,2022-04-18 00:00:00
25,50,10,2024-04-12 00:00:00,2023-10-28 00:00:00
26,29,10,2024-02-04 00:00:00,2021-06-29 00:00:00
27,396,1,2020-10-25 00:00:00,2023-06-24 00:00:00
28,126,4,2022-08-28 00:00:00,2022-01-16 00:00:00
29,389,6,2020-12-20 00:00:00,2024-02-18 00:00:00
30,643,7,2022-07-30 00:00:00,2021-03-15 00:00:00
31,39,4,2023-11-28 00:00:00,2021-04-26 00:00:00
32,174,9,2024-09-22 00:00:00,2023-08-01 00:00:00
33,210,3,2024-09-27 00:00:00,2020-08-31 00:00:00
34,278,4,2020-12-19 00:00:00,2023-05-27 00:00:00
35,161,6,2022-10-04 00:00:00,2023-06-23 00:00:00
36,307,1,2022-06-03 00:00:00,2023-05-05 00:00:00
37,548,2,2021-08-09 00:00:00,2020-04-10 00:00:00
38,194,8,2022-01-10 00:00:00,2023-04-06 00:00:00
39,33,10,2022-05-15 00:00:00,2020-01-23 00:00:00
40,14,5,2020-03-05 00:00:00,2024-03-26 00:00:00
41,465,6,2020-06-20 00:00:00,2023-08-14 00:00:00
42,167,7,2023-01-11 00:00:00,2022-01-18 00:00:00
43,381,10,2024-09-23 00:00:00,2023-06-19 00:00:00
44,586,9,2020-08-05 00:00:00,2022-01-10 00:00:00
45,163,7,2020-04-04 00:00:00,2024-05-09 00:00:00
46,255,2,2020-03-24 00:00:00,2024-10-04 00:00:00
47,661,2,2020-02-26 00:00:00,2023-10-05 00:00:00
48,678,5,2022-01-18 00:00:00,2022-02-04 00:00:00
49,336,2,2022-09-15 00:00:00,2023-09-15 00:00:00
50,537,7,2023-01-03 00:00:00,2020-09-23 00:00:00
51,651,7,2020-10-13 00:00:00,2022-09-24 00:00:00
52,179,2,2023-09-12 00:00:00,2022-04-10 00:00:00
53,676,3,2021-10-29 00:00:00,2021-07-14 00:00:00
54,24,8,2024-09-17 00:00:00,2021-07-03 00:00:00
55,593,4,2023-03-30 00:00:00,2021-12-08 00:00:00
56,90,4,2022-07-19 00:00:00,2024-09-09 00:00:00
57,299,7,2021-08-16 00:00:00,2022-11-29 00:00:00
58,394,2,2024-04-03 00:00:00,2022-12-01 00:00:00
59,73,4,2021-01-27 00:00:00,2023-11-12 00:00:00
60,280,2,2022-03-22 00:00:00,2024-12-17 00:00:00
61,427,7,2021-07-21 00:00:00,2022-06-05 00:00:00
62,359,9,2020-08-02 00:00:00,2024-09-23 00:00:00
63,9,7,2022-02-02 00:00:00,2021-07-17 00:00:00
64,427,9,2022-05-28 00:00:00,2024-08-05 00:00:00
65,241,8,2024-11-22 00:00:00,2024-05-16 00:00:00
66,317,10,2023-05-04 00:00:00,2023-04-10 00:00:00
67,209,8,2023-11-15 00:00:00,2024-11-22 00:00:00
68,341,5,2020-12-27 00:00:00,2020-05-10 00:00:00
69,660,7,2021-07-18 00:00:00,2021-09-08 00:00:00
70,617,1,2024-08-15 00:00:00,2021-01-24 00:00:00
71,379,4,2020-10-03 00:00:00,2023-10-20 00:00:00
72,438,8,2021-04-14 00:00:00,2021-04-09 00:00:00
73,680,9,2022-08-18 00:00:00,2022-07-26 00:00:00
74,589,10,2024-09-20 00:00:00,2022-03-15 00:00:00
75,256,10,2020-02-18 00:00:00,2024-02-10 00:00:00
76,7,4,2022-06-26 00:00:00,2020-09-16 00:00:00
77,350,10,2023-08-20 00:00:00,2021-01-16 00:00:00
78,14,8,2020-07-24 00:00:00,2023-04-14 00:00:00
79,500,3,2022-11-15 00:00:00,2024-12-30 00:00:00
80,672,6,2023-03-10 00:00:00,2020-02-28 00:00:00
81,161,5,2021-05-23 00:00:00,2024-04-20 00:00:00
82,41,5,2022-10-31 00:00:00,2021-09-23 00:00:00
83,665,10,2023-05-04 00:00:00,2023-01-24 00:00:00
84,121,2,2020-12-31 00:00:00,2020-11-16 00:00:00
85,448,1,2021-12-24 00:00:00,2022-09-24 00:00:00
86,232,10,2024-10-26 00:00:00,2021-12-24 00:00:00
87,55,5,2021-04-06 00:00:00,2024-04-11 00:00:00
88,336,3,2023-03-31 00:00:00,2021-11-16 00:00:00
89,522,6,2024-01-17 00:00:00,2021-03-02 00:00:00
90,160,7,2023-03-18 00:00:00,2024-09-15 00:00:00
91,153,1,2024-07-30 00:00:00,2020-12-18 00:00:00
92,270,2,2024-10-12 00:00:00,2021-10-08 00:00:00
93,610,9,2022-01-27 00:00:00,2021-04-01 00:00:00
94,189,2,2023-10-22 00:00:00,2020-03-02 00:00:00
95,291,5,2022-08-28 00:00:00,2020-12-11 00:00:00
96,632,3,2024-03-28 00:00:00,2021-09-22 00:00:00
97,211,10,2024-09-30 00:00:00,2023-03-02 00:00:00
98,594,7,2022-03-29 00:00:00,2021-04-04 00:00:00
99,121,9,2021-02-20 00:00:00,2020-08-21 00:00:00
100,125,6,2021-07-16 00:00:00,2021-06-01 00:00:00
101,465,6,2024-11-20 00:00:00,2021-10-13 00:00:00
102,309,3,2024-11-10 00:00:00,2020-06-20 00:00:00
103,54,7,2021-01-05 00:00:00,2021-01-17 00:00:00
104,595,8,2022-12-18 00:00:00,2022-12-20 00:00:00
105,601,8,2024-05-29 00:00:00,2022-08-02 00:00:00
106,193,3,2024-07-14 00:00:00,2024-07-18 00:00:00
107,230,3,2021-02-21 00:00:00,2021-06-30 00:00:00
108,125,3,2023-05-09 00:00:00,2020-04-03 00:00:00
109,415,4,2020-03-20 00:00:00,2022-05-14 00:00:00
110,655,5,2022-11-22 00:00:00,2023-12-22 00:00:00
111,420,4,2023-05-13 00:00:00,2024-09-16 00:00:00
112,497,9,2020-05-19 00:00:00,2022-12-16 00:00:00
113,403,7,2022-07-20 00:00:00,2023-09-20 00:00:00
114,627,10,2022-12-18 00:00:00,2021-05-22 00:00:00
115,226,6,2022-11-27 00:00:00,2020-02-08 00:00:00
116,200,5,2022-07-05 00:00:00,2020-01-02 00:00:00
117,394,7,2021-11-19 00:00:00,2024-02-13 00:00:00
118,619,7,2024-02-11 00:00:00,2020-11-07 00:00:00
119,193,2,2023-11-04 00:00:00,2021-05-24 00:00:00
120,279,10,2021-05-18 00:00:00,2024-08-01 00:00:00
121,547,10,2020-03-12 00:00:00,2023-07-31 00:00:00
122,282,2,2024-11-22 00:00:00,2022-06-27 00:00:00
123,546,2,2021-03-27 00:00:00,2021-03-20 00:00:00
124,367,4,2024-01-09 00:00:00,2022-08-26 00:00:00
125,270,7,2023-05-09 00:00:00,2022-06-16 00:00:00
126,278,6,2024-10-17 00:00:00,2020-01-24 00:00:00
127,399,9,2020-02-14 00:00:00,2023-12-16 00:00:00
128,211,8,2020-06-14 00:00:00,2021-01-28 00:00:00
129,504,5,2021-12-29 00:00:00,2023-03-11 00:00:00
130,117,1,2022-10-30 00:00:00,2023-09-11 00:00:00
131,266,8,2020-07-08 00:00:00,2021-03-01 00:00:00
132,194,10,2023-06-28 00:00:00,2021-05-30 00:00:00
133,681,10,2022-12-21 00:00:00,2023-01-27 00:00:00
134,294,4,2020-07-09 00:00:00,2021-06-20 00:00:00
135,359,7,2023-05-06 00:00:00,2023-05-08 00:00:00
136,101,7,2023-10-19 00:00:00,2024-09-15 00:00:00
137,150,7,2024-07-15 00:00:00,2022-02-11 00:00:00
138,656,2,2021-02-25 00:00:00,2022-10-31 00:00:00
139,254,1,2020-04-23 00:00:00,2024-02-17 00:00:00
140,366,3,2020-08-26 00:00:00,2023-10-03 00:00:00
141,350,3,2023-04-09 00:00:00,2023-08-16 00:00:00
142,114,6,2022-02-05 00:00:00,2020-01-23 00:00:00
143,354,9,2022-10-16 00:00:00,2020-08-19 00:00:00
144,447,6,2020-07-08 00:00:00,2021-02-03 00:00:00
145,356,4,2022-02-10 00:00:00,2024-07-02 00:00:00
146,686,8,2021-08-27 00:00:00,2023-01-15 00:00:00
147,266,1,2022-01-18 00:00:00,2023-04-17 00:00:00
148,261,9,2022-01-09 00:00:00,2023-03-26 00:00:00
149,191,6,2022-12-22 00:00:00,2024-01-29 00:00:00
150,235,2,2022-01-23 00:00:00,2023-09-01 00:00:00
151,526,1,2020-12-18 00:00:00,2020-07-03 00:00:00
152,428,7,2020-01-23 00:00:00,2021-04-03 00:00:00
153,544,6,2023-04-30 00:00:00,2022-05-01 00:00:00
154,329,10,2022-12-10 00:00:00,2021-11-11 00:00:00
155,642,8,2020-01-23 00:00:00,2024-06-08 00:00:00
156,210,7,2023-03-01 00:00:00,2022-04-30 00:00:00
157,626,10,2022-07-14 00:00:00,2020-12-06 00:00:00
158,545,2,2022-04-28 00:00:00,2020-06-29 00:00:00
159,118,8,2020-01-29 00:00:00,2024-03-13 00:00:00
160,307,6,2020-01-24 00:00:00,2020-09-27 00:00:00
161,658,10,2022-03-23 00:00:00,2021-12-19 00:00:00
162,574,6,2024-08-24 00:00:00,2021-02-25 00:00:00
163,229,7,2024-07-28 00:00:00,2023-08-02 00:00:00
164,551,9,2020-12-09 00:00:00,2021-03-21 00:00:00
165,593,7,2021-09-20 00:00:00,2023-11-30 00:00:00
166,398,6,2020-11-11 00:00:00,2024-05-14 00:00:00
167,392,7,2023-09-17 00:00:00,2020-07-30 00:00:00
168,230,8,2021-04-22 00:00:00,2021-02-18 00:00:00
169,452,9,2021-11-12 00:00:00,2023-12-30 00:00:00
170,674,2,2021-01-24 00:00:00,2020-02-06 00:00:00
171,29,8,2022-01-12 00:00:00,2020-06-28 00:00:00
172,499,2,2021-08-17 00:00:00,2021-12-15 00:00:00
173,318,6,2023-07-24 00:00:00,2024-11-18 00:00:00
174,386,8,2021-12-27 00:00:00,2021-10-17 00:00:00
175,49,8,2022-09-02 00:00:00,2023-05-10 00:00:00
176,391,6,2022-06-25 00:00:00,2024-02-09 00:00:00
177,352,6,2021-03-10 00:00:00,2022-01-12 00:00:00
178,196,5,2022-03-01 00:00:00,2022-09-15 00:00:00
179,269,4,2023-03-09 00:00:00,2023-01-23 00:00:00
180,69,1,2020-05-08 00:00:00,2020-01-14 00:00:00
181,88,1,2023-03-09 00:00:00,2022-09-11 00:00:00
182,428,8,2021-07-17 00:00:00,2024-07-20 00:00:00
183,88,4,2022-03-16 00:00:00,2023-05-17 00:00:00
184,8,5,2024-07-09 00:00:00,2021-03-02 00:00:00
185,555,7,2024-05-13 00:00:00,2021-10-21 00:00:00
186,291,8,2020-09-10 00:00:00,2023-01-27 00:00:00
187,237,5,2020-01-17 00:00:00,2024-11-16 00:00:00
188,184,8,2020-03-13 00:00:00,2024-08-16 00:00:00
189,270,6,2023-12-06 00:00:00,2020-12-28 00:00:00
190,295,9,2021-10-25 00:00:00,2022-10-16 00:00:00
191,550,4,2022-09-13 00:00:00,2023-06-24 00:00:00
192,336,2,2020-09-23 00:00:00,2022-07-11 00:00:00
193,627,9,2020-11-02 00:00:00,2021-06-10 00:00:00
194,121,9,2023-07-30 00:00:00,2021-10-07 00:00:00
195,91,10,2022-03-07 00:00:00,2024-07-12 00:00:00
196,274,1,2024-07-05 00:00:00,2024-05-24 00:00:00
197,100,2,2022-03-21 00:00:00,2024-01-10 00:00:00
198,195,9,2020-11-06 00:00:00,2021-11-28 00:00:00
199,144,10,2020-06-30 00:00:00,2022-08-14 00:00:00
200,326,5,2023-09-20 00:00:00,2023-03-29 00:00:00
201,612,6,2021-06-18 00:00:00,2022-04-26 00:00:00
202,250,5,2022-08-23 00:00:00,2023-11-25 00:00:00
203,501,8,2021-04-16 00:00:00,2022-04-11 00:00:00
204,39,6,2024-08-05 00:00:00,2022-04-14 00:00:00
205,250,1,2024-09-07 00:00:00,2024-06-17 00:00:00
206,61,10,2022-01-24 00:00:00,2022-05-08 00:00:00
207,162,5,2021-12-16 00:00:00,2020-01-26 00:00:00
208,371,2,2023-11-22 00:00:00,2021-04-15 00:00:00
209,649,6,2023-11-02 00:00:00,2020-07-07 00:00:00
210,303,7,2022-09-18 00:00:00,2021-02-10 00:00:00
211,267,10,2022-08-14 00:00:00,2020-02-07 00:00:00
212,404,7,2024-01-19 00:00:00,2023-02-07 00:00:00
213,678,5,2024-02-16 00:00:00,2023-12-29 00:00:00
214,546,3,2021-05-21 00:00:00,2021-03-31 00:00:00
215,443,9,2020-12-10 00:00:00,2024-09-23 00:00:00
216,661,1,2022-02-11 00:00:00,2024-03-09 00:00:00
217,636,8,2022-10-23 00:00:00,2023-03-12 00:00:00
218,70,2,2022-11-05 00:00:00,2023-05-26 00:00:00
219,392,7,2023-02-25 00:00:00,2024-04-14 00:00:00
220,654,8,2022-09-28 00:00:00,2024-03-15 00:00:00
221,551,6,2022-07-20 00:00:00,2024-05-20 00:00:00
222,360,7,2021-08-09 00:00:00,2020-03-03 00:00:00
223,681,5,2021-09-16 00:00:00,2021-08-05 00:00:00
224,328,7,2022-08-19 00:00:00,2021-08-13 00:00:00
225,361,4,2021-11-23 00:00:00,2023-05-15 00:00:00
226,98,3,2024-01-14 00:00:00,2023-01-28 00:00:00
227,358,2,2021-04-29 00:00:00,2024-06-05 00:00:00
228,309,1,2024-01-01 00:00:00,2024-12-12 00:00:00
229,123,2,2020-07-07 00:00:00,2020-09-07 00:00:00
230,330,6,2021-11-21 00:00:00,2023-11-26 00:00:00
231,47,3,2021-06-28 00:00:00,2020-11-02 00:00:00
232,491,3,2022-01-21 00:00:00,2021-03-17 00:00:00
233,599,7,2022-03-24 00:00:00,2022-02-26 00:00:00
234,382,1,2022-02-19 00:00:00,2023-12-08 00:00:00
235,150,10,2024-09-21 00:00:00,2023-12-28 00:00:00
236,643,2,2021-12-16 00:00:00,2021-01-29 00:00:00
237,695,3,2022-03-04 00:00:00,2022-03-19 00:00:00
238,500,5,2022-10-13 00:00:00,2022-11-23 00:00:00
239,439,3,2023-10-03 00:00:00,2024-03-18 00:00:00
240,119,2,2021-06-21 00:00:00,2021-07-28 00:00:00
241,464,8,2023-10-22 00:00:00,2024-03-21 00:00:00
242,461,1,2022-10-29 00:00:00,2021-06-28 00:00:00
243,34,8,2021-09-04 00:00:00,2023-11-29 00:00:00
244,561,8,2023-07-20 00:00:00,2021-12-06 00:00:00
245,67,1,2021-05-29 00:00:00,2020-01-03 00:00:00
246,416,7,2022-04-25 00:00:00,2024-09-08 00:00:00
247,95,3,2023-10-21 00:00:00,2020-03-10 00:00:00
248,93,5,2022-11-23 00:00:00,2023-02-25 00:00:00
249,484,5,2020-08-28 00:00:00,2020-03-18 00:00:00
250,334,5,2022-07-14 00:00:00,2023-11-23 00:00:00
251,226,5,2024-02-12 00:00:00,2023-06-12 00:00:00
252,589,4,2023-06-16 00:00:00,2024-02-03 00:00:00
253,432,5,2020-12-12 00:00:00,2020-06-16 00:00:00
254,108,6,2023-10-03 00:00:00,2021-03-05 00:00:00
255,276,9,2023-09-27 00:00:00,2023-01-23 00:00:00
256,150,8,2024-11-03 00:00:00,2020-05-01 00:00:00
257,657,9,2024-07-18 00:00:00,2023-08-20 00:00:00
258,311,5,2020-01-06 00:00:00,2023-06-04 00:00:00
259,557,4,2024-05-30 00:00:00,2023-06-18 00:00:00
260,300,1,2020-08-25 00:00:00,2021-11-02 00:00:00
261,146,6,2023-01-09 00:00:00,2020-04-26 00:00:00
262,413,2,2021-04-17 00:00:00,2022-07-10 00:00:00
263,71,1,2022-12-18 00:00:00,2021-07-29 00:00:00
264,607,5,2021-07-06 00:00:00,2020-12-18 00:00:00
265,562,10,2020-11-29 00:00:00,2022-08-19 00:00:00
266,450,3,2024-11-08 00:00:00,2020-10-02 00:00:00
267,56,5,2021-04-27 00:00:00,2024-06-02 00:00:00
268,185,4,2024-08-15 00:00:00,2020-04-30 00:00:00
269,401,10,2020-05-13 00:00:00,2024-10-10 00:00:00
270,290,10,2021-10-10 00:00:00,2021-04-11 00:00:00
271,687,2,2021-07-30 00:00:00,2023-01-16 00:00:00
272,128,10,2020-08-29 00:00:00,2023-08-07 00:00:00
273,652,5,2023-12-10 00:00:00,2020-10-21 00:00:00
274,360,6,2022-01-28 00:00:00,2020-07-19 00:00:00
275,265,3,2020-03-30 00:00:00,2023-02-15 00:00:00
276,266,6,2023-12-21 00:00:00,2023-02-20 00:00:00
277,229,9,2020-09-10 00:00:00,2022-07-11 00:00:00
278,578,8,2021-07-21 00:00:00,2023-12-07 00:00:00
279,637,1,2021-02-13 00:00:00,2021-06-26 00:00:00
280,395,6,2020-02-09 00:00:00,2023-12-13 00:00:00
281,316,6,2021-04-22 00:00:00,2023-04-23 00:00:00
282,269,8,2024-02-04 00:00:00,2020-09-29 00:00:00
283,254,9,2022-01-04 00:00:00,2024-07-26 00:00:00
284,647,10,2022-10-10 00:00:00,2022-05-28 00:00:00
285,85,9,2020-07-12 00:00:00,2020-02-13 00:00:00
286,170,3,2023-06-05 00:00:00,2023-10-12 00:00:00
287,266,2,2022-10-20 00:00:00,2021-11-03 00:00:00
288,668,8,2021-09-17 00:00:00,2020-04-13 00:00:00
289,521,3,2022-04-20 00:00:00,2020-04-06 00:00:00
290,275,4,2021-12-17 00:00:00,2024-03-21 00:00:00
291,138,10,2024-05-19 00:00:00,2024-03-18 00:00:00
292,589,2,2020-08-18 00:00:00,2023-10-24 00:00:00
293,40,2,2021-12-05 00:00:00,2024-05-29 00:00:00
294,248,4,2020-09-12 00:00:00,2023-02-03 00:00:00
295,112,2,2021-05-12 00:00:00,2020-07-24 00:00:00
296,544,3,2024-03-26 00:00:00,2021-08-27 00:00:00
297,500,9,2020-10-25 00:00:00,2020-10-24 00:00:00
298,465,6,2024-01-10 00:00:00,2024-01-06 00:00:00
299,113,3,2023-01-02 00:00:00,2024-03-18 00:00:00
300,604,10,2024-07-12 00:00:00,2022-04-11 00:00:00
301,332,6,2020-02-15 00:00:00,2022-01-08 00:00:00
302,546,10,2020-05-29 00:00:00,2022-01-23 00:00:00
303,601,2,2020-04-16 00:00:00,2020-01-22 00:00:00
304,599,2,2023-07-23 00:00:00,2021-12-01 00:00:00
305,464,10,2020-01-12 00:00:00,2020-06-24 00:00:00
306,657,8,2020-04-13 00:00:00,2024-07-05 00:00:00
307,655,1,2020-04-04 00:00:00,2021-10-31 00:00:00
308,120,7,2021-11-21 00:00:00,2020-05-30 00:00:00
309,62,10,2024-11-02 00:00:00,2020-04-03 00:00:00
310,643,5,2023-02-06 00:00:00,2024-03-12 00:00:00
311,2,2,2022-08-05 00:00:00,2020-12-14 00:00:00
312,136,5,2023-07-27 00:00:00,2024-05-09 00:00:00
313,452,3,2024-01-03 00:00:00,2023-08-21 00:00:00
314,192,9,2021-01-17 00:00:00,2023-02-10 00:00:00
315,525,9,2021-04-07 00:00:00,2022-04-24 00:00:00
316,528,9,2024-07-30 00:00:00,2023-10-22 00:00:00
317,626,7,2022-11-12 00:00:00,2020-02-28 00:00:00
318,128,2,2023-09-10 00:00:00,2024-01-08 00:00:00
319,307,8,2024-04-15 00:00:00,2023-10-29 00:00:00
320,255,1,2022-11-08 00:00:00,2022-12-23 00:00:00
321,283,10,2024-04-13 00:00:00,2020-03-29 00:00:00
322,365,8,2021-12-27 00:00:00,2023-09-12 00:00:00
323,114,3,2020-03-02 00:00:00,2024-07-22 00:00:00
324,139,9,2024-01-16 00:00:00,2024-05-04 00:00:00
325,493,7,2022-11-12 00:00:00,2020-01-08 00:00:00
326,673,7,2024-10-18 00:00:00,2021-01-10 00:00:00
327,630,2,2022-02-05 00:00:00,2023-12-02 00:00:00
328,498,3,2023-07-03 00:00:00,2021-01-18 00:00:00
329,459,6,2024-08-22 00:00:00,2021-02-07 00:00:00
330,375,1,2022-11-19 00:00:00,2020-10-16 00:00:00
331,272,7,2020-02-02 00:00:00,2021-08-04 00:00:00
332,281,2,2023-01-08 00:00:00,2021-08-17 00:00:00
333,130,4,2022-03-02 00:00:00,2021-09-07 00:00:00
334,531,10,2020-11-10 00:00:00,2020-12-30 00:00:00
335,287,3,2021-03-02 00:00:00,2024-07-03 00:00:00
336,459,10,2022-09-23 00:00:00,2022-12-15 00:00:00
337,668,4,2023-04-02 00:00:00,2024-12-05 00:00:00
338,82,1,2021-04-16 00:00:00,2020-01-15 00:00:00
339,199,1,2024-12-07 00:00:00,2021-09-19 00:00:00
340,388,9,2020-09-06 00:00:00,2023-10-02 00:00:00
341,325,3,2020-11-14 00:00:00,2024-03-11 00:00:00
342,646,4,2020-03-17 00:00:00,2022-04-16 00:00:00
343,646,5,2023-05-03 00:00:00,2020-06-19 00:00:00
344,251,10,2021-06-14 00:00:00,2020-01-13 00:00:00
345,438,4,2024-03-13 00:00:00,2020-03-20 00:00:00
346,470,3,2022-04-22 00:00:00,2023-10-27 00:00:00
347,520,10,2020-05-09 00:00:00,2020-10-26 00:00:00
348,290,7,2020-12-12 00:00:00,2023-08-27 00:00:00
349,466,8,2022-10-04 00:00:00,2021-05-31 00:00:00
350,490,10,2021-06-20 00:00:00,2023-11-26 00:00:00
351,143,9,2022-06-20 00:00:00,2022-03-15 00:00:00
352,108,1,2020-01-18 00:00:00,2022-08-05 00:00:00
353,609,4,2021-10-04 00:00:00,2021-12-30 00:00:00
354,671,10,2022-10-14 00:00:00,2021-05-05 00:00:00
355,137,2,2024-04-22 00:00:00,2024-12-21 00:00:00
356,295,10,2023-07-04 00:00:00,2022-07-14 00:00:00
357,583,4,2023-09-21 00:00:00,2020-08-18 00:00:00
358,9,1,2021-02-10 00:00:00,2023-01-21 00:00:00
359,587,10,2023-05-26 00:00:00,2024-01-27 00:00:00
360,439,4,2020-01-26 00:00:00,2021-11-29 00:00:00
361,487,6,2023-09-26 00:00:00,2023-02-24 00:00:00
362,257,2,2023-02-11 00:00:00,2023-01-04 00:00:00
363,45,2,2023-02-12 00:00:00,2022-08-04 00:00:00
364,121,10,2021-08-14 00:00:00,2023-04-05 00:00:00
365,612,3,2024-03-26 00:00:00,2024-05-11 00:00:00
366,236,4,2024-02-23 00:00:00,2024-02-03 00:00:00
367,644,4,2024-10-19 00:00:00,2023-12-22 00:00:00
368,143,4,2022-08-18 00:00:00,2021-09-30 00:00:00
369,473,2,2020-11-30 00:00:00,2024-02-29 00:00:00
370,526,3,2020-11-23 00:00:00,2020-06-19 00:00:00
371,131,9,2024-04-15 00:00:00,2021-12-19 00:00:00
372,601,1,2022-03-31 00:00:00,2024-03-08 00:00:00
373,675,10,2024-09-01 00:00:00,2024-10-28 00:00:00
374,235,7,2022-04-24 00:00:00,2020-10-11 00:00:00
375,568,6,2021-12-09 00:00:00,2020-02-03 00:00:00
376,227,2,2020-07-07 00:00:00,2021-12-29 00:00:00
377,178,3,2023-01-04 00:00:00,2020-08-14 00:00:00
378,534,9,2020-04-01 00:00:00,2021-08-30 00:00:00
379,410,4,2022-12-23 00:00:00,2020-05-30 00:00:00
380,537,1,2022-07-31 00:00:00,2024-05-12 00:00:00
381,401,4,2021-03-08 00:00:00,2023-08-19 00:00:00
382,3,10,2022-08-31 00:00:00,2020-07-19 00:00:00
383,449,6,2024-05-19 00:00:00,2022-02-22 00:00:00
384,338,7,2020-04-10 00:00:00,2020-09-27 00:00:00
385,25,3,2021-02-23 00:00:00,2021-02-09 00:00:00
386,626,4,2022-03-10 00:00:00,2021-02-04 00:00:00
387,58,1,2022-08-30 00:00:00,2021-06-11 00:00:00
388,257,1,2020-03-11 00:00:00,2021-11-13 00:00:00
389,622,3,2024-12-03 00:00:00,2020-11-24 00:00:00
390,83,7,2023-05-27 00:00:00,2024-09-01 00:00:00
391,442,4,2022-10-24 00:00:00,2021-04-27 00:00:00
392,461,7,2024-08-06 00:00:00,2022-02-24 00:00:00
393,529,2,2024-01-09 00:00:00,2022-03-22 00:00:00
394,45,1,2024-03-15 00:00:00,2022-02-19 00:00:00
395,687,8,2021-01-12 00:00:00,2023-06-18 00:00:00
396,428,2,2021-11-30 00:00:00,2021-06-01 00:00:00
397,355,4,2024-12-25 00:00:00,2021-07-03 00:00:00
398,196,3,2021-01-08 00:00:00,2023-02-20 00:00:00
399,559,6,2024-09-12 00:00:00,2023-06-29 00:00:00
400,49,3,2020-06-06 00:00:00,2022-04-27 00:00:00
401,677,6,2022-03-29 00:00:00,2021-12-11 00:00:00
402,584,10,2022-10-22 00:00:00,2024-04-23 00:00:00
403,353,5,2022-01-20 00:00:00,2020-07-05 00:00:00
404,148,4,2021-07-22 00:00:00,2022-02-26 00:00:00
405,162,9,2022-11-28 00:00:00,2023-12-29 00:00:00
406,207,4,2024-11-05 00:00:00,2022-01-07 00:00:00
407,15,5,2024-05-14 00:00:00,2020-10-22 00:00:00
408,668,8,2021-01-20 00:00:00,2023-05-04 00:00:00
409,672,7,2021-01-18 00:00:00,2020-11-06 00:00:00
410,449,2,2023-06-07 00:00:00,2023-01-31 00:00:00
411,161,9,2020-11-08 00:00:00,2024-11-23 00:00:00
412,25,1,2020-06-06 00:00:00,2022-04-22 00:00:00
413,405,5,2020-12-07 00:00:00,2022-09-08 00:00:00
414,698,10,2023-03-27 00:00:00,2024-09-08 00:00:00
415,490,7,2021-05-04 00:00:00,2024-07-12 00:00:00
416,136,5,2024-10-16 00:00:00,2020-01-18 00:00:00
417,154,8,2023-09-20 00:00:00,2022-08-31 00:00:00
418,497,5,2022-09-10 00:00:00,2024-07-25 00:00:00
419,685,5,2023-04-02 00:00:00,2024-02-23 00:00:00
420,599,10,2024-10-14 00:00:00,2022-12-24 00:00:00
421,66,3,2022-11-17 00:00:00,2024-02-15 00:00:00
422,186,7,2022-02-26 00:00:00,2023-01-27 00:00:00
423,119,2,2021-03-11 00:00:00,2023-11-05 00:00:00
424,106,6,2020-07-26 00:00:00,2024-03-28 00:00:00
425,165,7,2024-10-05 00:00:00,2024-03-17 00:00:00
426,23,10,2020-02-13 00:00:00,2021-08-16 00:00:00
427,663,9,2024-12-17 00:00:00,2023-12-14 00:00:00
428,73,5,2024-06-03 00:00:00,2023-11-12 00:00:00
429,609,7,2023-10-26 00:00:00,2022-07-14 00:00:00
430,376,9,2022-04-01 00:00:00,2023-01-11 00:00:00
431,195,6,2021-10-01 00:00:00,2022-01-08 00:00:00
432,226,5,2021-05-22 00:00:00,2020-07-18 00:00:00
433,391,8,2023-05-21 00:00:00,2022-12-04 00:00:00
434,243,8,2022-02-12 00:00:00,2020-09-29 00:00:00
435,541,4,2024-09-18 00:00:00,2024-02-25 00:00:00
436,64,7,2021-12-11 00:00:00,2024-10-19 00:00:00
437,415,8,2023-01-06 00:00:00,2023-08-30 00:00:00
438,464,3,2021-06-14 00:00:00,2023-07-17 00:00:00
439,465,3,2021-09-16 00:00:00,2023-03-31 00:00:00
440,489,10,2021-07-18 00:00:00,2024-01-04 00:00:00
441,50,9,2022-05-20 00:00:00,2022-06-11 00:00:00
442,210,7,2021-03-08 00:00:00,2023-06-04 00:00:00
443,74,7,2022-01-28 00:00:00,2021-09-11 00:00:00
444,84,6,2021-08-22 00:00:00,2022-02-26 00:00:00
445,684,5,2022-02-19 00:00:00,2024-04-21 00:00:00
446,60,1,2023-08-07 00:00:00,2021-09-07 00:00:00
447,145,2,2023-03-31 00:00:00,2022-03-09 00:00:00
448,372,7,2020-09-26 00:00:00,2023-05-27 00:00:00
449,92,5,2020-09-08 00:00:00,2022-11-14 00:00:00
450,698,10,2021-06-04 00:00:00,2024-01-06 00:00:00
451,440,1,2024-06-19 00:00:00,2020-08-18 00:00:00
452,114,5,2021-04-23 00:00:00,2022-05-13 00:00:00
453,144,7,2022-02-12 00:00:00,2024-03-08 00:00:00
454,49,5,2020-06-03 00:00:00,2020-07-18 00:00:00
455,245,2,2022-11-03 00:00:00,2022-03-07 00:00:00
456,400,10,2024-04-01 00:00:00,2021-02-22 00:00:00
457,514,10,2021-09-15 00:00:00,2023-09-10 00:00:00
458,499,9,2023-07-16 00:00:00,2022-04-28 00:00:00
459,405,2,2024-05-06 00:00:00,2024-03-26 00:00:00
460,9,10,2021-09-06 00:00:00,2023-08-27 00:00:00
461,84,2,2020-02-09 00:00:00,2020-04-15 00:00:00
462,646,10,2023-01-02 00:00:00,2023-11-24 00:00:00
463,249,1,2023-01-19 00:00:00,2021-09-04 00:00:00
464,49,8,2020-03-29 00:00:00,2022-08-24 00:00:00
465,617,1,2020-02-18 00:00:00,2024-04-07 00:00:00
466,175,1,2024-08-20 00:00:00,2021-07-20 00:00:00
467,219,8,2022-12-04 00:00:00,2022-06-09 00:00:00
468,509,4,2021-03-05 00:00:00,2020-01-11 00:00:00
469,375,7,2023-12-18 00:00:00,2023-06-17 00:00:00
470,270,1,2023-12-28 00:00:00,2020-07-16 00:00:00
471,101,8,2022-07-02 00:00:00,2022-01-28 00:00:00
472,198,5,2022-02-07 00:00:00,2023-05-23 00:00:00
473,140,5,2022-10-03 00:00:00,2021-10-27 00:00:00
474,499,10,2022-01-23 00:00:00,2021-09-26 00:00:00
475,40,7,2020-11-09 00:00:00,2024-11-15 00:00:00
476,25,6,2022-08-28 00:00:00,2020-08-26 00:00:00
477,537,8,2020-08-20 00:00:00,2021-12-02 00:00:00
478,489,1,2020-08-06 00:00:00,2024-11-06 00:00:00
479,629,1,2023-10-29 00:00:00,2020-04-17 00:00:00
480,450,3,2021-03-11 00:00:00,2022-12-13 00:00:00
481,230,4,2020-02-02 00:00:00,2024-03-14 00:00:00
482,472,5,2021-09-03 00:00:00,2020-04-24 00:00:00
483,84,9,2023-11-16 00:00:00,2021-12-22 00:00:00
484,11,1,2021-09-05 00:00:00,2021-01-12 00:00:00
485,485,10,2022-06-28 00:00:00,2021-08-04 00:00:00
486,198,8,2022-02-20 00:00:00,2021-03-11 00:00:00
487,483,3,2023-10-26 00:00:00,2023-09-06 00:00:00
488,196,8,2021-06-15 00:00:00,2020-10-02 00:00:00
489,432,7,2023-08-28 00:00:00,2023-02-27 00:00:00
490,271,10,2022-12-29 00:00:00,2022-03-28 00:00:00
491,164,9,2024-03-31 00:00:00,2024-08-14 00:00:00
492,667,7,2020-05-04 00:00:00,2023-03-03 00:00:00
493,211,1,2022-04-29 00:00:00,2024-01-30 00:00:00
494,10,1,2021-02-07 00:00:00,2020-08-31 00:00:00
495,212,7,2021-05-07 00:00:00,2023-01-10 00:00:00
496,220,10,2023-08-21 00:00:00,2023-07-11 00:00:00
497,505,6,2023-01-06 00:00:00,2022-03-08 00:00:00
498,700,1,2024-04-06 00:00:00,2023-08-30 00:00:00
499,89,8,2023-07-28 00:00:00,2020-01-11 00:00:00
500,538,2,2022-07-04 00:00:00,2020-11-21 00:00:00
501,536,7,2020-07-05 00:00:00,2022-06-27 00:00:00
502,29,9,2023-10-09 00:00:00,2021-02-07 00:00:00
503,101,1,2024-12-04 00:00:00,2024-03-26 00:00:00
504,209,9,2024-09-01 00:00:00,2024-04-26 00:00:00
505,501,9,2020-05-28 00:00:00,2020-06-11 00:00:00
506,670,3,2022-03-25 00:00:00,2023-10-01 00:00:00
507,584,10,2021-12-20 00:00:00,2021-07-30 00:00:00
508,367,3,2022-12-05 00:00:00,2022-01-19 00:00:00
509,52,2,2023-04-16 00:00:00,2021-09-23 00:00:00
510,445,4,2020-11-06 00:00:00,2021-03-25 00:00:00
511,598,1,2022-02-01 00:00:00,2021-02-06 00:00:00
512,432,9,2024-08-27 00:00:00,2020-04-13 00:00:00
513,359,4,2023-12-20 00:00:00,2021-03-08 00:00:00
514,443,4,2023-07-01 00:00:00,2024-09-05 00:00:00
515,334,2,2024-03-23 00:00:00,2021-04-01 00:00:00
516,535,9,2024-01-23 00:00:00,2021-07-10 00:00:00
517,172,2,2024-05-22 00:00:00,2021-02-21 00:00:00
518,533,8,2020-08-14 00:00:00,2024-10-13 00:00:00
519,12,2,2022-05-02 00:00:00,2021-09-07 00:00:00
520,333,1,2023-02-11 00:00:00,2024-10-26 00:00:00
521,483,10,2023-05-07 00:00:00,2022-10-26 00:00:00
522,644,3,2023-01-06 00:00:00,2022-06-19 00:00:00
523,698,7,2023-10-23 00:00:00,2022-05-08 00:00:00
524,494,1,2022-03-01 00:00:00,2021-06-15 00:00:00
525,300,8,2021-12-15 00:00:00,2020-03-07 00:00:00
526,79,5,2023-01-21 00:00:00,2020-12-23 00:00:00
527,330,2,2020-01-25 00:00:00,2020-10-05 00:00:00
528,245,8,2021-12-26 00:00:00,2022-04-19 00:00:00
529,671,4,2020-05-24 00:00:00,2021-09-23 00:00:00
530,72,5,2023-05-01 00:00:00,2022-07-15 00:00:00
531,224,8,2023-09-05 00:00:00,2021-03-25 00:00:00
532,562,6,2020-04-29 00:00:00,2020-08-02 00:00:00
533,146,2,2023-04-22 00:00:00,2023-05-26 00:00:00
534,518,1,2021-07-18 00:00:00,2021-07-30 00:00:00
535,316,4,2024-06-16 00:00:00,2020-05-04 00:00:00
536,364,4,2020-08-17 00:00:00,2021-02-02 00:00:00
537,223,5,2023-09-19 00:00:00,2022-06-10 00:00:00
538,198,8,2021-10-06 00:00:00,2022-08-29 00:00:00
539,87,3,2024-10-15 00:00:00,2024-04-28 00:00:00
540,280,9,2020-07-10 00:00:00,2020-10-09 00:00:00
541,192,4,2023-11-14 00:00:00,2020-08-18 00:00:00
542,468,2,2021-09-12 00:00:00,2020-10-05 00:00:00
543,148,9,2023-03-27 00:00:00,2022-06-07 00:00:00
544,307,2,2020-10-16 00:00:00,2022-12-22 00:00:00
545,1,3,2023-07-20 00:00:00,2022-09-28 00:00:00
546,467,3,2022-04-03 00:00:00,2020-05-27 00:00:00
547,536,4,2023-11-29 00:00:00,2020-03-04 00:00:00
548,504,1,2023-08-08 00:00:00,2024-01-08 00:00:00
549,294,2,2022-06-15 00:00:00,2020-11-24 00:00:00
550,158,8,2024-06-05 00:00:00,2022-02-08 00:00:00
551,628,5,2024-12-08 00:00:00,2020-12-30 00:00:00
552,153,1,2021-08-09 00:00:00,2023-02-08 00:00:00
553,411,7,2021-05-01 00:00:00,2023-10-30 00:00:00
554,319,10,2024-07-15 00:00:00,2020-01-27 00:00:00
555,561,8,2024-02-14 00:00:00,2023-03-30 00:00:00
556,39,9,2024-05-02 00:00:00,2024-05-10 00:00:00
557,15,9,2022-02-09 00:00:00,2020-07-01 00:00:00
558,490,4,2023-02-03 00:00:00,2022-08-30 00:00:00
559,145,5,2024-09-27 00:00:00,2020-07-17 00:00:00
560,373,4,2022-08-03 00:00:00,2024-12-07 00:00:00
561,629,9,2020-05-10 00:00:00,2023-04-27 00:00:00
562,123,2,2020-03-21 00:00:00,2022-06-29 00:00:00
563,527,9,2024-02-24 00:00:00,2021-05-30 00:00:00
564,304,2,2023-10-26 00:00:00,2021-10-10 00:00:00
565,206,3,2020-01-17 00:00:00,2021-07-26 00:00:00
566,165,7,2022-04-11 00:00:00,2020-04-10 00:00:00
567,201,8,2023-06-29 00:00:00,2022-04-08 00:00:00
568,267,3,2024-09-15 00:00:00,2023-06-24 00:00:00
569,287,5,2020-09-30 00:00:00,2023-05-03 00:00:00
570,492,7,2020-03-01 00:00:00,2023-05-25 00:00:00
571,215,7,2022-10-13 00:00:00,2020-04-12 00:00:00
572,601,7,2023-06-10 00:00:00,2024-10-23 00:00:00
573,535,7,2023-12-20 00:00:00,2020-01-20 00:00:00
574,581,4,2020-03-20 00:00:00,2024-11-28 00:00:00
575,445,8,2022-10-28 00:00:00,2022-02-16 00:00:00
576,280,5,2021-03-10 00:00:00,2020-12-31 00:00:00
577,461,10,2020-03-02 00:00:00,2024-05-20 00:00:00
578,310,9,2023-01-01 00:00:00,2021-11-04 00:00:00
579,459,10,2021-10-15 00:00:00,2024-03-28 00:00:00
580,456,8,2022-07-22 00:00:00,2022-10-30 00:00:00
581,458,3,2021-06-26 00:00:00,2021-08-29 00:00:00
582,262,4,2023-12-21 00:00:00,2022-11-02 00:00:00
583,169,6,2022-05-20 00:00:00,2023-11-10 00:00:00
584,488,1,2020-01-09 00:00:00,2023-09-27 00:00:00
585,522,2,2024-07-02 00:00:00,2021-09-26 00:00:00
586,104,4,2024-11-25 00:00:00,2024-11-20 00:00:00
587,180,2,2024-07-03 00:00:00,2022-02-26 00:00:00
588,550,2,2022-01-27 00:00:00,2023-06-07 00:00:00
589,503,10,2020-12-08 00:00:00,2020-10-14 00:00:00
590,9,2,2020-03-18 00:00:00,2021-12-07 00:00:00
591,45,3,2023-11-30 00:00:00,2021-05-16 00:00:00
592,554,4,2023-07-20 00:00:00,2021-08-17 00:00:00
593,411,3,2023-11-26 00:00:00,2020-03-21 00:00:00
594,74,4,2023-08-12 00:00:00,2020-11-20 00:00:00
595,53,5,2020-05-28 00:00:00,2022-02-14 00:00:00
596,608,1,2022-08-17 00:00:00,2021-10-31 00:00:00
597,426,5,2024-07-06 00:00:00,2023-09-13 00:00:00
598,623,8,2024-06-24 00:00:00,2024-07-06 00:00:00
599,588,7,2022-09-03 00:00:00,2023-12-16 00:00:00
600,117,4,2020-09-20 00:00:00,2020-10-02 00:00:00
601,146,2,2020-09-21 00:00:00,2021-06-17 00:00:00
602,384,7,2021-05-04 00:00:00,2024-09-29 00:00:00
603,52,5,2024-02-26 00:00:00,2021-10-02 00:00:00
604,79,8,2024-03-15 00:00:00,2020-05-08 00:00:00
605,110,8,2022-04-02 00:00:00,2020-02-02 00:00:00
606,451,8,2023-08-18 00:00:00,2020-01-01 00:00:00
607,307,5,2021-08-17 00:00:00,2021-06-10 00:00:00
608,554,9,2021-08-15 00:00:00,2024-11-16 00:00:00
609,674,1,2021-06-13 00:00:00,2023-03-01 00:00:00
610,145,7,2022-12-09 00:00:00,2021-11-07 00:00:00
611,118,6,2023-12-08 00:00:00,2023-05-24 00:00:00
612,57,3,2021-12-09 00:00:00,2020-09-14 00:00:00
613,426,1,2020-11-09 00:00:00,2020-11-24 00:00:00
614,484,10,2021-01-22 00:00:00,2020-05-19 00:00:00
615,661,3,2021-02-08 00:00:00,2023-10-19 00:00:00
616,641,5,2024-11-09 00:00:00,2023-07-31 00:00:00
617,426,6,2021-09-24 00:00:00,2022-04-11 00:00:00
618,466,10,2023-02-11 00:00:00,2023-12-30 00:00:00
619,428,7,2022-12-28 00:00:00,2023-02-21 00:00:00
620,694,2,2023-12-07 00:00:00,2022-02-20 00:00:00
621,282,6,2022-04-04 00:00:00,2022-02-03 00:00:00
622,644,10,2020-11-03 00:00:00,2023-07-18 00:00:00
623,275,4,2020-12-27 00:00:00,2020-11-27 00:00:00
624,277,5,2023-08-24 00:00:00,2021-02-06 00:00:00
625,432,1,2023-01-11 00:00:00,2020-05-11 00:00:00
626,281,1,2024-06-29 00:00:00,2024-09-24 00:00:00
627,588,9,2023-03-09 00:00:00,2024-09-07 00:00:00
628,190,1,2022-12-28 00:00:00,2021-03-18 00:00:00
629,561,1,2024-11-19 00:00:00,2024-09-17 00:00:00
630,73,8,2024-02-06 00:00:00,2023-06-17 00:00:00
631,185,6,2020-02-26 00:00:00,2023-02-18 00:00:00
632,85,9,2020-01-18 00:00:00,2023-08-09 00:00:00
633,22,4,2020-03-21 00:00:00,2021-04-16 00:00:00
634,612,7,2024-02-04 00:00:00,2022-05-30 00:00:00
635,262,3,2023-03-28 00:00:00,2022-05-08 00:00:00
636,613,6,2024-01-13 00:00:00,2020-03-16 00:00:00
637,562,3,2021-04-12 00:00:00,2024-02-25 00:00:00
638,496,1,2021-03-13 00:00:00,2022-05-22 00:00:00
639,404,4,2021-03-11 00:00:00,2021-04-17 00:00:00
640,431,2,2024-06-05 00:00:00,2023-05-06 00:00:00
641,252,10,2022-04-17 00:00:00,2024-07-21 00:00:00
642,522,5,2020-07-23 00:00:00,2024-02-27 00:00:00
643,311,6,2020-04-21 00:00:00,2020-09-07 00:00:00
644,297,3,2020-03-16 00:00:00,2024-09-14 00:00:00
645,658,10,2023-04-09 00:00:00,2024-07-22 00:00:00
646,564,7,2021-03-02 00:00:00,2022-06-08 00:00:00
647,87,9,2023-11-11 00:00:00,2023-07-12 00:00:00
648,137,2,2023-06-01 00:00:00,2022-05-20 00:00:00
649,367,8,2024-04-30 00:00:00,2024-01-10 00:00:00
650,469,7,2024-12-13 00:00:00,2024-03-24 00:00:00
651,112,1,2020-05-24 00:00:00,2023-03-10 00:00:00
652,141,7,2020-12-04 00:00:00,2023-07-01 00:00:00
653,19,1,2020-10-16 00:00:00,2022-10-08 00:00:00
654,278,10,2021-10-15 00:00:00,2020-04-10 00:00:00
655,358,2,2020-05-13 00:00:00,2021-05-15 00:00:00
656,392,9,2021-10-06 00:00:00,2021-01-06 00:00:00
657,20,3,2022-02-03 00:00:00,2024-09-29 00:00:00
658,149,1,2020-09-14 00:00:00,2023-09-10 00:00:00
659,466,7,2024-03-04 00:00:00,2023-05-11 00:00:00
660,503,10,2020-10-15 00:00:00,2021-03-27 00:00:00
661,55,8,2020-09-26 00:00:00,2024-06-19 00:00:00
662,404,9,2022-12-08 00:00:00,2022-04-11 00:00:00
663,230,5,2024-06-06 00:00:00,2022-10-01 00:00:00
664,166,7,2023-03-11 00:00:00,2024-04-18 00:00:00
665,44,3,2020-11-29 00:00:00,2021-09-08 00:00:00
666,668,3,2024-02-22 00:00:00,2023-03-15 00:00:00
667,12,5,2023-11-23 00:00:00,2020-05-24 00:00:00
668,289,5,2021-08-30 00:00:00,2020-04-05 00:00:00
669,652,9,2021-11-23 00:00:00,2021-07-26 00:00:00
670,177,5,2020-08-04 00:00:00,2022-11-13 00:00:00
671,361,7,2020-07-20 00:00:00,2021-01-21 00:00:00
672,600,3,2024-02-14 00:00:00,2023-06-03 00:00:00
673,514,6,2022-02-08 00:00:00,2021-10-11 00:00:00
674,297,10,2020-03-20 00:00:00,2023-09-05 00:00:00
675,215,4,2022-08-24 00:00:00,2023-05-17 00:00:00
676,370,3,2022-08-15 00:00:00,2022-08-29 00:00:00
677,144,7,2021-02-05 00:00:00,2020-07-07 00:00:00
678,306,5,2022-12-17 00:00:00,2020-11-23 00:00:00
679,425,4,2021-09-19 00:00:00,2023-05-23 00:00:00
680,341,8,2022-01-10 00:00:00,2020-04-01 00:00:00
681,483,10,2022-12-17 00:00:00,2021-10-26 00:00:00
682,183,7,2020-09-03 00:00:00,2024-12-03 00:00:00
683,76,8,2023-10-12 00:00:00,2022-06-07 00:00:00
684,453,8,2021-12-31 00:00:00,2022-01-27 00:00:00
685,597,7,2024-09-21 00:00:00,2020-07-20 00:00:00
686,425,3,2021-02-01 00:00:00,2023-03-07 00:00:00
687,672,10,2020-04-17 00:00:00,2024-03-05 00:00:00
688,43,8,2020-06-22 00:00:00,2022-08-10 00:00:00
689,199,2,2023-05-12 00:00:00,2021-06-13 00:00:00
690,276,8,2022-05-07 00:00:00,2021-08-19 00:00:00
691,470,8,2021-05-02 00:00:00,2022-07-15 00:00:00
692,240,5,2021-03-17 00:00:00,2020-11-26 00:00:00
693,341,6,2023-02-20 00:00:00,2021-10-14 00:00:00
694,568,7,2021-07-25 00:00:00,2023-06-17 00:00:00
695,127,7,2020-01-20 00:00:00,2024-02-17 00:00:00
696,366,5,2020-06-19 00:00:00,2020-08-09 00:00:00
697,145,2,2022-05-11 00:00:00,2021-02-14 00:00:00
698,454,6,2021-06-16 00:00:00,2021-01-13 00:00:00
699,500,5,2020-03-18 00:00:00,2020-04-11 00:00:00
700,463,3,2022-02-10 00:00:00,2023-08-28 00:00:00
